Accession,Release_Date,Length,Geo_Location,Host,Isolation_Source,Collection_Date,GenBank_Title
NC_045512,2020-01-13T00:00:00Z,29903,China,Homo sapiens,,2019-12,"Severe acute respiratory syndrome coronavirus 2 isolate Wuhan-Hu-1, complete genome"
MT308704,2020-04-08T00:00:00Z,29834,USA: NC,Homo sapiens,,2020-04,"Severe acute respiratory syndrome coronavirus 2 isolate SARS-CoV-2/human/USA/UNC_200189/2020, complete genome"
MT308702,2020-04-08T00:00:00Z,29834,USA: NC,Homo sapiens,,2020-04,"Severe acute respiratory syndrome coronavirus 2 isolate SARS-CoV-2/human/USA/UNC_200191/2020, complete genome"
MT308703,2020-04-08T00:00:00Z,29834,USA: NC,Homo sapiens,,2020-04,"Severe acute respiratory syndrome coronavirus 2 isolate SARS-CoV-2/human/USA/UNC_200181/2020, complete genome"
MT304474,2020-04-07T00:00:00Z,29882,South Korea,Homo sapiens,oronasopharynx,2/27/2020,"Severe acute respiratory syndrome coronavirus 2 isolate SARS-CoV-2/human/KOR/BA-ACH_2604/2020, complete genome"
MT300186,2020-04-07T00:00:00Z,29759,USA: North Carolina,Homo sapiens,,4/2/2020,"Severe acute respiratory syndrome coronavirus 2 isolate SARS-CoV-2/human/USA/UNC_200173/2020, complete genome"
MT304476,2020-04-07T00:00:00Z,29882,South Korea,Homo sapiens,oronasopharynx,2/29/2020,"Severe acute respiratory syndrome coronavirus 2 isolate SARS-CoV-2/human/KOR/BA-ACH_2719/2020, complete genome"
MT304475,2020-04-07T00:00:00Z,29882,South Korea,Homo sapiens,oronasopharynx,2/29/2020,"Severe acute respiratory syndrome coronavirus 2 isolate SARS-CoV-2/human/KOR/BA-ACH_2718/2020, complete genome"
MT304489,2020-04-07T00:00:00Z,29882,USA: TX,Homo sapiens,oronasopharynx,2/29/2020,"Severe acute respiratory syndrome coronavirus 2 isolate SARS-CoV-2/human/USA/TX_2039/2020, complete genome"
MT304491,2020-04-07T00:00:00Z,29882,USA: TX,Homo sapiens,,3/1/2020,"Severe acute respiratory syndrome coronavirus 2 isolate SARS-CoV-2/human/USA/TX_2967/2020, complete genome"
MT304477,2020-04-07T00:00:00Z,29882,USA: AZ,Homo sapiens,"lung, oronasopharynx",3/2/2020,"Severe acute respiratory syndrome coronavirus 2 isolate SARS-CoV-2/human/USA/AZ_4811/2020, complete genome"
MT304478,2020-04-07T00:00:00Z,29882,USA: FL,Homo sapiens,oronasopharynx,3/2/2020,"Severe acute respiratory syndrome coronavirus 2 isolate SARS-CoV-2/human/USA/FL_6318/2020, complete genome"
MT304479,2020-04-07T00:00:00Z,29882,USA: GA,Homo sapiens,oronasopharynx,3/3/2020,"Severe acute respiratory syndrome coronavirus 2 isolate SARS-CoV-2/human/USA/GA_1299/2020, complete genome"
MT304480,2020-04-07T00:00:00Z,29882,USA: GA,Homo sapiens,oronasopharynx,3/3/2020,"Severe acute respiratory syndrome coronavirus 2 isolate SARS-CoV-2/human/USA/GA_1320/2020, complete genome"
MT304481,2020-04-07T00:00:00Z,29882,USA: GA,Homo sapiens,oronasopharynx,3/4/2020,"Severe acute respiratory syndrome coronavirus 2 isolate SARS-CoV-2/human/USA/GA_1445/2020, complete genome"
MT304482,2020-04-07T00:00:00Z,29882,USA: IL,Homo sapiens,oronasopharynx,3/1/2020,"Severe acute respiratory syndrome coronavirus 2 isolate SARS-CoV-2/human/USA/IL_1293/2020, complete genome"
MT304483,2020-04-07T00:00:00Z,29882,USA: IL,Homo sapiens,oronasopharynx,3/1/2020,"Severe acute respiratory syndrome coronavirus 2 isolate SARS-CoV-2/human/USA/IL_1375/2020, complete genome"
MT304484,2020-04-07T00:00:00Z,29882,USA: NH,Homo sapiens,oronasopharynx,2/29/2020,"Severe acute respiratory syndrome coronavirus 2 isolate SARS-CoV-2/human/USA/NH_0004/2020, complete genome"
MT304485,2020-04-07T00:00:00Z,29882,USA: NH,Homo sapiens,oronasopharynx,3/2/2020,"Severe acute respiratory syndrome coronavirus 2 isolate SARS-CoV-2/human/USA/NH_0008/2020, complete genome"
MT304486,2020-04-07T00:00:00Z,29882,USA: NY,Homo sapiens,oronasopharynx,3/2/2020,"Severe acute respiratory syndrome coronavirus 2 isolate SARS-CoV-2/human/USA/NY_2929/2020, complete genome"
MT304487,2020-04-07T00:00:00Z,29882,USA: OR,Homo sapiens,oronasopharynx,3/1/2020,"Severe acute respiratory syndrome coronavirus 2 isolate SARS-CoV-2/human/USA/OR_5430/2020, complete genome"
MT304488,2020-04-07T00:00:00Z,29882,USA: RI,Homo sapiens,oronasopharynx,3/1/2020,"Severe acute respiratory syndrome coronavirus 2 isolate SARS-CoV-2/human/USA/RI_0556/2020, complete genome"
MT304490,2020-04-07T00:00:00Z,29882,USA: TX,Homo sapiens,oronasopharynx,3/1/2020,"Severe acute respiratory syndrome coronavirus 2 isolate SARS-CoV-2/human/USA/TX_2817/2020, complete genome"
MT281577,2020-04-06T00:00:00Z,29903,"China: Anhui, Fuyang",Homo sapiens,feces,3/10/2020,"Severe acute respiratory syndrome coronavirus 2 isolate SARS-CoV-2/human/CHN/Fuyang_FY002/2020, complete genome"
MT293210,2020-04-06T00:00:00Z,29871,USA: WA,Homo sapiens,,3/29/2020,"Severe acute respiratory syndrome coronavirus 2 isolate SARS-CoV-2/human/USAWA-UW447/2020, complete genome"
MT293219,2020-04-06T00:00:00Z,29885,USA: WA,Homo sapiens,,3/29/2020,"Severe acute respiratory syndrome coronavirus 2 isolate SARS-CoV-2/human/USAWA-UW457/2020, complete genome"
MT293201,2020-04-06T00:00:00Z,29846,USA: WA,Homo sapiens,,3/30/2020,"Severe acute respiratory syndrome coronavirus 2 isolate SARS-CoV-2/human/USAWA-UW437/2020, complete genome"
MT293205,2020-04-06T00:00:00Z,29833,USA: WA,Homo sapiens,,3/30/2020,"Severe acute respiratory syndrome coronavirus 2 isolate SARS-CoV-2/human/USAWA-UW442/2020, complete genome"
MT293197,2020-04-06T00:00:00Z,29619,USA: WA,Homo sapiens,,3/30/2020,"Severe acute respiratory syndrome coronavirus 2 isolate SARS-CoV-2/human/USAWA-UW433/2020, complete genome"
MT293195,2020-04-06T00:00:00Z,29871,USA: WA,Homo sapiens,,3/28/2020,"Severe acute respiratory syndrome coronavirus 2 isolate SARS-CoV-2/human/USACT-UW430/2020, complete genome"
MT292569,2020-04-06T00:00:00Z,29782,Spain,Homo sapiens,,3/9/2020,"Severe acute respiratory syndrome coronavirus 2 isolate SARS-CoV-2/human/ESP/Valencia13/2020, complete genome"
MT295464,2020-04-06T00:00:00Z,29892,USA,Homo sapiens,,3/10/2020,"Severe acute respiratory syndrome coronavirus 2 isolate SARS CoV-2/human/USA/UF-1/2020, complete genome"
MT293199,2020-04-06T00:00:00Z,29671,USA: WA,Homo sapiens,,3/30/2020,"Severe acute respiratory syndrome coronavirus 2 isolate SARS-CoV-2/human/USAWA-UW435/2020, complete genome"
MT293225,2020-04-06T00:00:00Z,29865,USA: WA,Homo sapiens,,3/29/2020,"Severe acute respiratory syndrome coronavirus 2 isolate SARS-CoV-2/human/USAWA-UW466/2020, complete genome"
MT293159,2020-04-06T00:00:00Z,29890,USA: WA,Homo sapiens,,3/29/2020,"Severe acute respiratory syndrome coronavirus 2 isolate SARS-CoV-2/human/USAWA-UW394/2020, complete genome"
MT293160,2020-04-06T00:00:00Z,29864,USA: WA,Homo sapiens,,3/29/2020,"Severe acute respiratory syndrome coronavirus 2 isolate SARS-CoV-2/human/USAWA-UW395/2020, complete genome"
MT293161,2020-04-06T00:00:00Z,29873,USA: WA,Homo sapiens,,3/29/2020,"Severe acute respiratory syndrome coronavirus 2 isolate SARS-CoV-2/human/USAWA-UW396/2020, complete genome"
MT293162,2020-04-06T00:00:00Z,29848,USA: WA,Homo sapiens,,3/29/2020,"Severe acute respiratory syndrome coronavirus 2 isolate SARS-CoV-2/human/USAWA-UW397/2020, complete genome"
MT293220,2020-04-06T00:00:00Z,29869,USA: WA,Homo sapiens,,3/28/2020,"Severe acute respiratory syndrome coronavirus 2 isolate SARS-CoV-2/human/USAWA-UW460/2020, complete genome"
MT293156,2020-04-06T00:00:00Z,29844,USA: WA,Homo sapiens,,3/30/2020,"Severe acute respiratory syndrome coronavirus 2 isolate SARS-CoV-2/human/USAWA-UW391/2020, complete genome"
MT293158,2020-04-06T00:00:00Z,29748,USA: WA,Homo sapiens,,3/29/2020,"Severe acute respiratory syndrome coronavirus 2 isolate SARS-CoV-2/human/USAWA-UW393/2020, complete genome"
MT293224,2020-04-06T00:00:00Z,29847,USA: WA,Homo sapiens,,3/29/2020,"Severe acute respiratory syndrome coronavirus 2 isolate SARS-CoV-2/human/USAWA-UW465/2020, complete genome"
MT293164,2020-04-06T00:00:00Z,29772,USA: WA,Homo sapiens,,3/30/2020,"Severe acute respiratory syndrome coronavirus 2 isolate SARS-CoV-2/human/USAWA-UW399/2020, complete genome"
MT293166,2020-04-06T00:00:00Z,29865,USA: WA,Homo sapiens,,3/29/2020,"Severe acute respiratory syndrome coronavirus 2 isolate SARS-CoV-2/human/USAWA-UW401/2020, complete genome"
MT293168,2020-04-06T00:00:00Z,29694,USA: WA,Homo sapiens,,3/29/2020,"Severe acute respiratory syndrome coronavirus 2 isolate SARS-CoV-2/human/USAWA-UW403/2020, complete genome"
MT293173,2020-04-06T00:00:00Z,29820,USA: WA,Homo sapiens,,3/30/2020,"Severe acute respiratory syndrome coronavirus 2 isolate SARS-CoV-2/human/USAWA-UW408/2020, complete genome"
MT293170,2020-04-06T00:00:00Z,29798,USA: WA,Homo sapiens,,3/30/2020,"Severe acute respiratory syndrome coronavirus 2 isolate SARS-CoV-2/human/USAWA-UW405/2020, complete genome"
MT293182,2020-04-06T00:00:00Z,29866,USA: WA,Homo sapiens,,3/26/2020,"Severe acute respiratory syndrome coronavirus 2 isolate SARS-CoV-2/human/USAWA-UW417/2020, complete genome"
MT293218,2020-04-06T00:00:00Z,29870,USA: WA,Homo sapiens,,3/29/2020,"Severe acute respiratory syndrome coronavirus 2 isolate SARS-CoV-2/human/USAWA-UW456/2020, complete genome"
MT293176,2020-04-06T00:00:00Z,29883,USA: WA,Homo sapiens,,3/28/2020,"Severe acute respiratory syndrome coronavirus 2 isolate SARS-CoV-2/human/USACT-UW411/2020, complete genome"
MT293179,2020-04-06T00:00:00Z,29877,USA: WA,Homo sapiens,,3/26/2020,"Severe acute respiratory syndrome coronavirus 2 isolate SARS-CoV-2/human/USAWA-UW414/2020, complete genome"
MT293183,2020-04-06T00:00:00Z,29871,USA: WA,Homo sapiens,,3/26/2020,"Severe acute respiratory syndrome coronavirus 2 isolate SARS-CoV-2/human/USAWA-UW418/2020, complete genome"
MT293185,2020-04-06T00:00:00Z,29640,USA: WA,Homo sapiens,,3/28/2020,"Severe acute respiratory syndrome coronavirus 2 isolate SARS-CoV-2/human/USACT-UW420/2020, complete genome"
MT293186,2020-04-06T00:00:00Z,29865,USA: WA,Homo sapiens,,3/26/2020,"Severe acute respiratory syndrome coronavirus 2 isolate SARS-CoV-2/human/USAWA-UW421/2020, complete genome"
MT293207,2020-04-06T00:00:00Z,29866,USA: WA,Homo sapiens,,3/30/2020,"Severe acute respiratory syndrome coronavirus 2 isolate SARS-CoV-2/human/USAWA-UW444/2020, complete genome"
MT293215,2020-04-06T00:00:00Z,29855,USA: WA,Homo sapiens,,3/28/2020,"Severe acute respiratory syndrome coronavirus 2 isolate SARS-CoV-2/human/USAWA-UW452/2020, complete genome"
MT293216,2020-04-06T00:00:00Z,29859,USA: WA,Homo sapiens,,3/28/2020,"Severe acute respiratory syndrome coronavirus 2 isolate SARS-CoV-2/human/USAWA-UW453/2020, complete genome"
MT293192,2020-04-06T00:00:00Z,29868,USA: WA,Homo sapiens,,3/28/2020,"Severe acute respiratory syndrome coronavirus 2 isolate SARS-CoV-2/human/USACT-UW427/2020, complete genome"
MT293202,2020-04-06T00:00:00Z,29874,USA: WA,Homo sapiens,,3/30/2020,"Severe acute respiratory syndrome coronavirus 2 isolate SARS-CoV-2/human/USAWA-UW438/2020, complete genome"
MT293187,2020-04-06T00:00:00Z,29869,USA: WA,Homo sapiens,,3/26/2020,"Severe acute respiratory syndrome coronavirus 2 isolate SARS-CoV-2/human/USAWA-UW422/2020, complete genome"
MT293222,2020-04-06T00:00:00Z,29842,USA: WA,Homo sapiens,,3/29/2020,"Severe acute respiratory syndrome coronavirus 2 isolate SARS-CoV-2/human/USAWA-UW463/2020, complete genome"
MT293213,2020-04-06T00:00:00Z,29887,USA: WA,Homo sapiens,,3/30/2020,"Severe acute respiratory syndrome coronavirus 2 isolate SARS-CoV-2/human/USAWA-UW450/2020, complete genome"
MT293163,2020-04-06T00:00:00Z,29596,USA: WA,Homo sapiens,,3/29/2020,"Severe acute respiratory syndrome coronavirus 2 isolate SARS-CoV-2/human/USAUNKNOWN-UW398/2020, complete genome"
MT293165,2020-04-06T00:00:00Z,29839,USA: WA,Homo sapiens,,3/29/2020,"Severe acute respiratory syndrome coronavirus 2 isolate SARS-CoV-2/human/USAWA-UW400/2020, complete genome"
MT293167,2020-04-06T00:00:00Z,29796,USA: WA,Homo sapiens,,3/29/2020,"Severe acute respiratory syndrome coronavirus 2 isolate SARS-CoV-2/human/USAWA-UW402/2020, complete genome"
MT293171,2020-04-06T00:00:00Z,29848,USA: WA,Homo sapiens,,3/30/2020,"Severe acute respiratory syndrome coronavirus 2 isolate SARS-CoV-2/human/USAWA-UW406/2020, complete genome"
MT293169,2020-04-06T00:00:00Z,29790,USA: WA,Homo sapiens,,3/29/2020,"Severe acute respiratory syndrome coronavirus 2 isolate SARS-CoV-2/human/USAWA-UW404/2020, complete genome"
MT293175,2020-04-06T00:00:00Z,29776,USA: WA,Homo sapiens,,3/30/2020,"Severe acute respiratory syndrome coronavirus 2 isolate SARS-CoV-2/human/USAWA-UW410/2020, complete genome"
MT293177,2020-04-06T00:00:00Z,29882,USA: WA,Homo sapiens,,3/28/2020,"Severe acute respiratory syndrome coronavirus 2 isolate SARS-CoV-2/human/USACT-UW412/2020, complete genome"
MT293178,2020-04-06T00:00:00Z,29868,USA: WA,Homo sapiens,,3/26/2020,"Severe acute respiratory syndrome coronavirus 2 isolate SARS-CoV-2/human/USAWA-UW413/2020, complete genome"
MT293181,2020-04-06T00:00:00Z,29871,USA: WA,Homo sapiens,,3/26/2020,"Severe acute respiratory syndrome coronavirus 2 isolate SARS-CoV-2/human/USAWA-UW416/2020, complete genome"
MT293198,2020-04-06T00:00:00Z,29881,USA: WA,Homo sapiens,,3/30/2020,"Severe acute respiratory syndrome coronavirus 2 isolate SARS-CoV-2/human/USAWA-UW434/2020, complete genome"
MT293211,2020-04-06T00:00:00Z,29864,USA: WA,Homo sapiens,,3/26/2020,"Severe acute respiratory syndrome coronavirus 2 isolate SARS-CoV-2/human/USAWA-UW448/2020, complete genome"
MT293212,2020-04-06T00:00:00Z,29883,USA: WA,Homo sapiens,,3/30/2020,"Severe acute respiratory syndrome coronavirus 2 isolate SARS-CoV-2/human/USAWA-UW449/2020, complete genome"
MT293194,2020-04-06T00:00:00Z,29653,USA: WA,Homo sapiens,,3/30/2020,"Severe acute respiratory syndrome coronavirus 2 isolate SARS-CoV-2/human/USAWA-UW429/2020, complete genome"
MT293190,2020-04-06T00:00:00Z,29829,USA: WA,Homo sapiens,,3/26/2020,"Severe acute respiratory syndrome coronavirus 2 isolate SARS-CoV-2/human/USAWA-UW425/2020, complete genome"
MT293191,2020-04-06T00:00:00Z,29711,USA: WA,Homo sapiens,,3/26/2020,"Severe acute respiratory syndrome coronavirus 2 isolate SARS-CoV-2/human/USAWA-UW426/2020, complete genome"
MT293172,2020-04-06T00:00:00Z,29870,USA: WA,Homo sapiens,,3/30/2020,"Severe acute respiratory syndrome coronavirus 2 isolate SARS-CoV-2/human/USAWA-UW407/2020, complete genome"
MT293174,2020-04-06T00:00:00Z,29672,USA: WA,Homo sapiens,,3/27/2020,"Severe acute respiratory syndrome coronavirus 2 isolate SARS-CoV-2/human/USAOR-UW409/2020, complete genome"
MT293180,2020-04-06T00:00:00Z,29554,USA: WA,Homo sapiens,,3/28/2020,"Severe acute respiratory syndrome coronavirus 2 isolate SARS-CoV-2/human/USAWA-UW415/2020, complete genome"
MT293184,2020-04-06T00:00:00Z,29756,USA: WA,Homo sapiens,,3/26/2020,"Severe acute respiratory syndrome coronavirus 2 isolate SARS-CoV-2/human/USAWA-UW419/2020, complete genome"
MT292570,2020-04-06T00:00:00Z,29782,Spain,Homo sapiens,,3/10/2020,"Severe acute respiratory syndrome coronavirus 2 isolate SARS-CoV-2/human/ESP/Valencia17/2020, complete genome"
MT292573,2020-04-06T00:00:00Z,29782,Spain,Homo sapiens,,3/9/2020,"Severe acute respiratory syndrome coronavirus 2 isolate SARS-CoV-2/human/ESP/Valencia14/2020, complete genome"
MT292574,2020-04-06T00:00:00Z,29782,Spain,Homo sapiens,oronasopharynx,3/2/2020,"Severe acute respiratory syndrome coronavirus 2 isolate SARS-CoV-2/human/ESP/Valencia15/2020, complete genome"
MT295465,2020-04-06T00:00:00Z,29893,USA,Homo sapiens,,3/27/2020,"Severe acute respiratory syndrome coronavirus 2 isolate SARS-CoV-2/human/USA/UF-2/2020, complete genome"
MT293196,2020-04-06T00:00:00Z,29888,USA: WA,Homo sapiens,,3/30/2020,"Severe acute respiratory syndrome coronavirus 2 isolate SARS-CoV-2/human/USAWA-UW432/2020, complete genome"
MT293204,2020-04-06T00:00:00Z,29896,USA: WA,Homo sapiens,,3/30/2020,"Severe acute respiratory syndrome coronavirus 2 isolate SARS-CoV-2/human/USAWA-UW441/2020, complete genome"
MT293200,2020-04-06T00:00:00Z,29852,USA: WA,Homo sapiens,,3/30/2020,"Severe acute respiratory syndrome coronavirus 2 isolate SARS-CoV-2/human/USAWA-UW436/2020, complete genome"
MT293208,2020-04-06T00:00:00Z,29884,USA: WA,Homo sapiens,,3/30/2020,"Severe acute respiratory syndrome coronavirus 2 isolate SARS-CoV-2/human/USAWA-UW445/2020, complete genome"
MT293209,2020-04-06T00:00:00Z,29842,USA: WA,Homo sapiens,,3/30/2020,"Severe acute respiratory syndrome coronavirus 2 isolate SARS-CoV-2/human/USAWA-UW446/2020, complete genome"
MT293188,2020-04-06T00:00:00Z,29778,USA: WA,Homo sapiens,,3/28/2020,"Severe acute respiratory syndrome coronavirus 2 isolate SARS-CoV-2/human/USACT-UW423/2020, complete genome"
MT293189,2020-04-06T00:00:00Z,29863,USA: WA,Homo sapiens,,3/26/2020,"Severe acute respiratory syndrome coronavirus 2 isolate SARS-CoV-2/human/USAWA-UW424/2020, complete genome"
MT293206,2020-04-06T00:00:00Z,29668,USA: WA,Homo sapiens,,3/30/2020,"Severe acute respiratory syndrome coronavirus 2 isolate SARS-CoV-2/human/USAWA-UW443/2020, complete genome"
MT292575,2020-04-06T00:00:00Z,29782,Spain,Homo sapiens,,3/10/2020,"Severe acute respiratory syndrome coronavirus 2 isolate SARS-CoV-2/human/ESP/Valencia16/2020, complete genome"
MT292572,2020-04-06T00:00:00Z,29782,Spain,Homo sapiens,,3/10/2020,"Severe acute respiratory syndrome coronavirus 2 isolate SARS-CoV-2/human/ESP/Valencia11/2020, complete genome"
MT292571,2020-04-06T00:00:00Z,29782,Spain,Homo sapiens,,3/9/2020,"Severe acute respiratory syndrome coronavirus 2 isolate SARS-CoV-2/human/ESP/Valencia12/2020, complete genome"
MT291831,2020-04-06T00:00:00Z,29872,China: Beijing,Homo sapiens,oronasopharynx,1/24/2020,"Severe acute respiratory syndrome coronavirus 2 isolate SARS-CoV-2/human/CHN/Wuhan_IME-BJ01/2020, complete genome"
MT291832,2020-04-06T00:00:00Z,29828,China: Beijing,Homo sapiens,oronasopharynx,1/25/2020,"Severe acute respiratory syndrome coronavirus 2 isolate SARS-CoV-2/human/CHN/Wuhan_IME-BJ02/2020, complete genome"
MT291833,2020-04-06T00:00:00Z,29821,China: Beijing,Homo sapiens,oronasopharynx,1/28/2020,"Severe acute respiratory syndrome coronavirus 2 isolate SARS-CoV-2/human/CHN/Wuhan_IME-BJ03/2020, complete genome"
MT291834,2020-04-06T00:00:00Z,29865,China: Beijing,Homo sapiens,oronasopharynx,1/28/2020,"Severe acute respiratory syndrome coronavirus 2 isolate SARS-CoV-2/human/CHN/Wuhan_IME-BJ04/2020, complete genome"
MT291835,2020-04-06T00:00:00Z,29871,China: Beijing,Homo sapiens,oronasopharynx,1/27/2020,"Severe acute respiratory syndrome coronavirus 2 isolate SARS-CoV-2/human/CHN/Wuhan_IME-BJ05/2020, complete genome"
MT291826,2020-04-06T00:00:00Z,29807,China: Wuhan,Homo sapiens,lung,12/30/2019,"Severe acute respiratory syndrome coronavirus 2 isolate SARS-CoV-2/human/CHN/Wuhan_IME-WH01/2019, complete genome"
MT291836,2020-04-06T00:00:00Z,29860,China: Beijing,Homo sapiens,oronasopharynx,1/29/2020,"Severe acute respiratory syndrome coronavirus 2 isolate SARS-CoV-2/human/CHN/Wuhan_IME-BJ07/2020, complete genome"
MT291827,2020-04-06T00:00:00Z,29858,China: Wuhan,Homo sapiens,lung,12/30/2019,"Severe acute respiratory syndrome coronavirus 2 isolate SARS-CoV-2/human/CHN/Wuhan_IME-WH02/2019, complete genome"
MT291828,2020-04-06T00:00:00Z,29858,China: Wuhan,Homo sapiens,lung,12/30/2019,"Severe acute respiratory syndrome coronavirus 2 isolate SARS-CoV-2/human/CHN/Wuhan_IME-WH03/2019, complete genome"
MT291829,2020-04-06T00:00:00Z,29774,China: Wuhan,Homo sapiens,lung,12/30/2019,"Severe acute respiratory syndrome coronavirus 2 isolate SARS-CoV-2/human/CHN/Wuhan_IME-WH04/2019, complete genome"
MT291830,2020-04-06T00:00:00Z,29807,China: Wuhan,Homo sapiens,lung,12/30/2019,"Severe acute respiratory syndrome coronavirus 2 isolate SARS-CoV-2/human/CHN/Wuhan_IME-WH05/2019, complete genome"
MT276597,2020-04-03T00:00:00Z,29851,Israel,Homo sapiens,,2020-02,"Severe acute respiratory syndrome coronavirus 2 isolate SARS-CoV-2/human/ISR/ISR_JP0320/2020, complete genome"
MT276325,2020-04-03T00:00:00Z,29882,USA: WA,Homo sapiens,oronasopharynx,2/27/2020,"Severe acute respiratory syndrome coronavirus 2 isolate SARS-CoV-2/human/USA/WA_5030/2020, complete genome"
MT276323,2020-04-03T00:00:00Z,29882,USA: RI,Homo sapiens,oronasopharynx,2/28/2020,"Severe acute respiratory syndrome coronavirus 2 isolate SARS-CoV-2/human/USA/RI_0520/2020, complete genome"
MT276324,2020-04-03T00:00:00Z,29882,USA: CA,Homo sapiens,oronasopharynx,2/26/2020,"Severe acute respiratory syndrome coronavirus 2 isolate SARS-CoV-2/human/USA/CA_2602/2020, complete genome"
MT276328,2020-04-03T00:00:00Z,29882,USA: OR,Homo sapiens,oronasopharynx,2/27/2020,"Severe acute respiratory syndrome coronavirus 2 isolate SARS-CoV-2/human/USA/OR_2656/2020, complete genome"
MT276329,2020-04-03T00:00:00Z,29882,USA: FL,Homo sapiens,oronasopharynx,2/28/2020,"Severe acute respiratory syndrome coronavirus 2 isolate SARS-CoV-2/human/USA/FL_5125/2020, complete genome"
MT276330,2020-04-03T00:00:00Z,29882,USA: FL,Homo sapiens,oronasopharynx,2/28/2020,"Severe acute respiratory syndrome coronavirus 2 isolate SARS-CoV-2/human/USA/FL_5091/2020, complete genome"
MT276331,2020-04-03T00:00:00Z,29882,USA: TX,Homo sapiens,oronasopharynx,2/29/2020,"Severe acute respiratory syndrome coronavirus 2 isolate SARS-CoV-2/human/USA/TX_2020/2020, complete genome"
MT276598,2020-04-03T00:00:00Z,29870,Israel,Homo sapiens,,2020-03,"Severe acute respiratory syndrome coronavirus 2 isolate SARS-CoV-2/human/ISR/ISR_IT0320/2020, complete genome"
MT276326,2020-04-03T00:00:00Z,29882,USA: GA,Homo sapiens,oronasopharynx,2/29/2020,"Severe acute respiratory syndrome coronavirus 2 isolate SARS-CoV-2/human/USA/GA_2741/2020, complete genome"
MT276327,2020-04-03T00:00:00Z,29882,USA: GA,Homo sapiens,oronasopharynx,2/29/2020,"Severe acute respiratory syndrome coronavirus 2 isolate SARS-CoV-2/human/USA/GA_2742/2020, complete genome"
MT263423,2020-03-31T00:00:00Z,29829,USA: WA,Homo sapiens,,3/23/2020,"Severe acute respiratory syndrome coronavirus 2 isolate SARS-CoV-2/human/USA/WA-UW343/2020, complete genome"
MT263467,2020-03-31T00:00:00Z,29853,USA: WA,Homo sapiens,,3/23/2020,"Severe acute respiratory syndrome coronavirus 2 isolate SARS-CoV-2/human/USA/WA-UW388/2020, complete genome"
MT263468,2020-03-31T00:00:00Z,29892,USA: WA,Homo sapiens,,3/23/2020,"Severe acute respiratory syndrome coronavirus 2 isolate SARS-CoV-2/human/USA/WA-UW389/2020, complete genome"
MT263424,2020-03-31T00:00:00Z,29830,USA: WA,Homo sapiens,,3/24/2020,"Severe acute respiratory syndrome coronavirus 2 isolate SARS-CoV-2/human/USA/WA-UW344/2020, complete genome"
MT263421,2020-03-31T00:00:00Z,29900,USA: WA,Homo sapiens,,3/24/2020,"Severe acute respiratory syndrome coronavirus 2 isolate SARS-CoV-2/human/USA/WA-UW341/2020, complete genome"
MT263469,2020-03-31T00:00:00Z,29857,USA: WA,Homo sapiens,,3/23/2020,"Severe acute respiratory syndrome coronavirus 2 isolate SARS-CoV-2/human/USA/WA-UW390/2020, complete genome"
MT263426,2020-03-31T00:00:00Z,29792,USA: WA,Homo sapiens,,3/24/2020,"Severe acute respiratory syndrome coronavirus 2 isolate SARS-CoV-2/human/USA/WA-UW346/2020, complete genome"
MT263420,2020-03-31T00:00:00Z,29839,USA: WA,Homo sapiens,,3/20/2020,"Severe acute respiratory syndrome coronavirus 2 isolate SARS-CoV-2/human/USA/WA-UW340/2020, complete genome"
MT263428,2020-03-31T00:00:00Z,29778,USA: WA,Homo sapiens,,3/24/2020,"Severe acute respiratory syndrome coronavirus 2 isolate SARS-CoV-2/human/USA/WA-UW348/2020, complete genome"
MT263429,2020-03-31T00:00:00Z,29889,USA: WA,Homo sapiens,,3/24/2020,"Severe acute respiratory syndrome coronavirus 2 isolate SARS-CoV-2/human/USA/WA-UW349/2020, complete genome"
MT263432,2020-03-31T00:00:00Z,29866,USA: WA,Homo sapiens,,3/24/2020,"Severe acute respiratory syndrome coronavirus 2 isolate SARS-CoV-2/human/USA/WA-UW352/2020, complete genome"
MT263433,2020-03-31T00:00:00Z,29853,USA: WA,Homo sapiens,,3/24/2020,"Severe acute respiratory syndrome coronavirus 2 isolate SARS-CoV-2/human/USA/WA-UW353/2020, complete genome"
MT262915,2020-03-31T00:00:00Z,29882,USA: WA,Homo sapiens,,3/13/2020,"Severe acute respiratory syndrome coronavirus 2 isolate SARS-CoV-2/human/USA/WA-NH13/2020, complete genome"
MT262916,2020-03-31T00:00:00Z,29882,USA: WA,Homo sapiens,,3/13/2020,"Severe acute respiratory syndrome coronavirus 2 isolate SARS-CoV-2/human/USA/WA-NH23/2020, complete genome"
MT263430,2020-03-31T00:00:00Z,29838,USA: WA,Homo sapiens,,3/24/2020,"Severe acute respiratory syndrome coronavirus 2 isolate SARS-CoV-2/human/USA/WA-UW350/2020, complete genome"
MT262896,2020-03-31T00:00:00Z,29882,USA: WA,Homo sapiens,,3/13/2020,"Severe acute respiratory syndrome coronavirus 2 isolate SARS-CoV-2/human/USA/WA-NH2/2020, complete genome"
MT262897,2020-03-31T00:00:00Z,29882,USA: WA,Homo sapiens,,3/13/2020,"Severe acute respiratory syndrome coronavirus 2 isolate SARS-CoV-2/human/USA/WA-NH3/2020, complete genome"
MT262899,2020-03-31T00:00:00Z,29882,USA: WA,Homo sapiens,,3/13/2020,"Severe acute respiratory syndrome coronavirus 2 isolate SARS-CoV-2/human/USA/WA-NH5/2020, complete genome"
MT262901,2020-03-31T00:00:00Z,29882,USA: WA,Homo sapiens,,3/13/2020,"Severe acute respiratory syndrome coronavirus 2 isolate SARS-CoV-2/human/USA/WA-NH7/2020, complete genome"
MT262909,2020-03-31T00:00:00Z,29882,USA: WA,Homo sapiens,,3/13/2020,"Severe acute respiratory syndrome coronavirus 2 isolate SARS-CoV-2/human/USA/WA-NH18/2020, complete genome"
MT262910,2020-03-31T00:00:00Z,29882,USA: WA,Homo sapiens,,3/13/2020,"Severe acute respiratory syndrome coronavirus 2 isolate SARS-CoV-2/human/USA/WA-NH19/2020, complete genome"
MT262911,2020-03-31T00:00:00Z,29882,USA: WA,Homo sapiens,,3/13/2020,"Severe acute respiratory syndrome coronavirus 2 isolate SARS-CoV-2/human/USA/WA-NH20/2020, complete genome"
MT262906,2020-03-31T00:00:00Z,29882,USA: WA,Homo sapiens,,3/13/2020,"Severe acute respiratory syndrome coronavirus 2 isolate SARS-CoV-2/human/USA/WA-NH12/2020, complete genome"
MT262907,2020-03-31T00:00:00Z,29882,USA: WA,Homo sapiens,,3/13/2020,"Severe acute respiratory syndrome coronavirus 2 isolate SARS-CoV-2/human/USA/WA-NH14/2020, complete genome"
MT262908,2020-03-31T00:00:00Z,29882,USA: WA,Homo sapiens,,3/13/2020,"Severe acute respiratory syndrome coronavirus 2 isolate SARS-CoV-2/human/USA/WA-NH17/2020, complete genome"
MT263382,2020-03-31T00:00:00Z,29900,USA: WA,Homo sapiens,,3/23/2020,"Severe acute respiratory syndrome coronavirus 2 isolate SARS-CoV-2/human/USA/WA-UW299/2020, complete genome"
MT263386,2020-03-31T00:00:00Z,29808,USA: WA,Homo sapiens,,3/22/2020,"Severe acute respiratory syndrome coronavirus 2 isolate SARS-CoV-2/human/USA/WA-UW303/2020, complete genome"
MT263454,2020-03-31T00:00:00Z,29837,USA: WA,Homo sapiens,,3/24/2020,"Severe acute respiratory syndrome coronavirus 2 isolate SARS-CoV-2/human/USA/WA-UW374/2020, complete genome"
MT263455,2020-03-31T00:00:00Z,29705,USA: WA,Homo sapiens,,3/24/2020,"Severe acute respiratory syndrome coronavirus 2 isolate SARS-CoV-2/human/USA/WA-UW375/2020, complete genome"
MT263381,2020-03-31T00:00:00Z,29910,USA: WA,Homo sapiens,,3/23/2020,"Severe acute respiratory syndrome coronavirus 2 isolate SARS-CoV-2/human/USA/WA-UW298/2020, complete genome"
MT263384,2020-03-31T00:00:00Z,29793,USA: WA,Homo sapiens,,3/23/2020,"Severe acute respiratory syndrome coronavirus 2 isolate SARS-CoV-2/human/USA/WA-UW301/2020, complete genome"
MT263390,2020-03-31T00:00:00Z,29761,USA: WA,Homo sapiens,,3/24/2020,"Severe acute respiratory syndrome coronavirus 2 isolate SARS-CoV-2/human/USA/WA-UW307/2020, complete genome"
MT263383,2020-03-31T00:00:00Z,29797,USA: WA,Homo sapiens,,3/24/2020,"Severe acute respiratory syndrome coronavirus 2 isolate SARS-CoV-2/human/USA/WA-UW300/2020, complete genome"
MT263387,2020-03-31T00:00:00Z,29852,USA: WA,Homo sapiens,,3/23/2020,"Severe acute respiratory syndrome coronavirus 2 isolate SARS-CoV-2/human/USA/WA-UW304/2020, complete genome"
MT262905,2020-03-31T00:00:00Z,29882,USA: WA,Homo sapiens,,3/13/2020,"Severe acute respiratory syndrome coronavirus 2 isolate SARS-CoV-2/human/USA/WA-NH11/2020, complete genome"
MT263459,2020-03-31T00:00:00Z,29917,USA: WA,Homo sapiens,,3/24/2020,"Severe acute respiratory syndrome coronavirus 2 isolate SARS-CoV-2/human/USA/WA-UW380/2020, complete genome"
MT263462,2020-03-31T00:00:00Z,29764,USA: WA,Homo sapiens,,3/23/2020,"Severe acute respiratory syndrome coronavirus 2 isolate SARS-CoV-2/human/USA/WA-UW383/2020, complete genome"
MT263463,2020-03-31T00:00:00Z,29868,USA: WA,Homo sapiens,,3/23/2020,"Severe acute respiratory syndrome coronavirus 2 isolate SARS-CoV-2/human/USA/WA-UW384/2020, complete genome"
MT263464,2020-03-31T00:00:00Z,29832,USA: WA,Homo sapiens,,3/23/2020,"Severe acute respiratory syndrome coronavirus 2 isolate SARS-CoV-2/human/USA/WA-UW385/2020, complete genome"
MT262898,2020-03-31T00:00:00Z,29882,USA: WA,Homo sapiens,,3/13/2020,"Severe acute respiratory syndrome coronavirus 2 isolate SARS-CoV-2/human/USA/WA-NH4/2020, complete genome"
MT262902,2020-03-31T00:00:00Z,29882,USA: WA,Homo sapiens,,3/13/2020,"Severe acute respiratory syndrome coronavirus 2 isolate SARS-CoV-2/human/USA/WA-NH8/2020, complete genome"
MT263074,2020-03-31T00:00:00Z,29856,Peru,Homo sapiens,,3/10/2020,"Severe acute respiratory syndrome coronavirus 2 isolate SARS-CoV-2/human/PER/Peru-10/2020, complete genome"
MT263434,2020-03-31T00:00:00Z,29790,USA: WA,Homo sapiens,,3/24/2020,"Severe acute respiratory syndrome coronavirus 2 isolate SARS-CoV-2/human/USA/WA-UW354/2020, complete genome"
MT263436,2020-03-31T00:00:00Z,29846,USA: WA,Homo sapiens,,3/24/2020,"Severe acute respiratory syndrome coronavirus 2 isolate SARS-CoV-2/human/USA/WA-UW356/2020, complete genome"
MT263437,2020-03-31T00:00:00Z,29871,USA: WA,Homo sapiens,,3/24/2020,"Severe acute respiratory syndrome coronavirus 2 isolate SARS-CoV-2/human/USA/WA-UW357/2020, complete genome"
MT263439,2020-03-31T00:00:00Z,29863,USA: WA,Homo sapiens,,3/24/2020,"Severe acute respiratory syndrome coronavirus 2 isolate SARS-CoV-2/human/USA/WA-UW359/2020, complete genome"
MT263440,2020-03-31T00:00:00Z,29863,USA: WA,Homo sapiens,,3/24/2020,"Severe acute respiratory syndrome coronavirus 2 isolate SARS-CoV-2/human/USA/WA-UW360/2020, complete genome"
MT263442,2020-03-31T00:00:00Z,29819,USA: WA,Homo sapiens,,3/24/2020,"Severe acute respiratory syndrome coronavirus 2 isolate SARS-CoV-2/human/USA/WA-UW362/2020, complete genome"
MT263443,2020-03-31T00:00:00Z,29869,USA: WA,Homo sapiens,,3/24/2020,"Severe acute respiratory syndrome coronavirus 2 isolate SARS-CoV-2/human/USA/WA-UW363/2020, complete genome"
MT263445,2020-03-31T00:00:00Z,29868,USA: WA,Homo sapiens,,3/24/2020,"Severe acute respiratory syndrome coronavirus 2 isolate SARS-CoV-2/human/USA/WA-UW365/2020, complete genome"
MT263446,2020-03-31T00:00:00Z,29872,USA: WA,Homo sapiens,,3/24/2020,"Severe acute respiratory syndrome coronavirus 2 isolate SARS-CoV-2/human/USA/WA-UW366/2020, complete genome"
MT263444,2020-03-31T00:00:00Z,29857,USA: WA,Homo sapiens,,3/20/2020,"Severe acute respiratory syndrome coronavirus 2 isolate SARS-CoV-2/human/USA/WA-UW364/2020, complete genome"
MT263450,2020-03-31T00:00:00Z,29841,USA: WA,Homo sapiens,,3/24/2020,"Severe acute respiratory syndrome coronavirus 2 isolate SARS-CoV-2/human/USA/WA-UW370/2020, complete genome"
MT263453,2020-03-31T00:00:00Z,29777,USA: WA,Homo sapiens,,3/24/2020,"Severe acute respiratory syndrome coronavirus 2 isolate SARS-CoV-2/human/USA/WA-UW373/2020, complete genome"
MT263457,2020-03-31T00:00:00Z,29801,USA: WA,Homo sapiens,,3/24/2020,"Severe acute respiratory syndrome coronavirus 2 isolate SARS-CoV-2/human/USA/WA-UW378/2020, complete genome"
MT263438,2020-03-31T00:00:00Z,29872,USA: WA,Homo sapiens,,3/24/2020,"Severe acute respiratory syndrome coronavirus 2 isolate SARS-CoV-2/human/USA/WA-UW358/2020, complete genome"
MT263441,2020-03-31T00:00:00Z,29793,USA: WA,Homo sapiens,,3/24/2020,"Severe acute respiratory syndrome coronavirus 2 isolate SARS-CoV-2/human/USA/WA-UW361/2020, complete genome"
MT263448,2020-03-31T00:00:00Z,29828,USA: WA,Homo sapiens,,3/24/2020,"Severe acute respiratory syndrome coronavirus 2 isolate SARS-CoV-2/human/USA/WA-UW368/2020, complete genome"
MT263449,2020-03-31T00:00:00Z,29828,USA: WA,Homo sapiens,,3/24/2020,"Severe acute respiratory syndrome coronavirus 2 isolate SARS-CoV-2/human/USA/WA-UW369/2020, complete genome"
MT263451,2020-03-31T00:00:00Z,29693,USA: WA,Homo sapiens,,3/24/2020,"Severe acute respiratory syndrome coronavirus 2 isolate SARS-CoV-2/human/USA/WA-UW371/2020, complete genome"
MT263431,2020-03-31T00:00:00Z,29863,USA: WA,Homo sapiens,,3/24/2020,"Severe acute respiratory syndrome coronavirus 2 isolate SARS-CoV-2/human/USA/WA-UW351/2020, complete genome"
MT263447,2020-03-31T00:00:00Z,29868,USA: WA,Homo sapiens,,3/14/2020,"Severe acute respiratory syndrome coronavirus 2 isolate SARS-CoV-2/human/USA/WA-UW367/2020, complete genome"
MT263452,2020-03-31T00:00:00Z,29833,USA: WA,Homo sapiens,,3/24/2020,"Severe acute respiratory syndrome coronavirus 2 isolate SARS-CoV-2/human/USA/WA-UW372/2020, complete genome"
MT263456,2020-03-31T00:00:00Z,29775,USA: WA,Homo sapiens,,3/24/2020,"Severe acute respiratory syndrome coronavirus 2 isolate SARS-CoV-2/human/USA/WA-UW376/2020, complete genome"
MT263435,2020-03-31T00:00:00Z,29882,USA: WA,Homo sapiens,,3/24/2020,"Severe acute respiratory syndrome coronavirus 2 isolate SARS-CoV-2/human/USA/WA-UW355/2020, complete genome"
MT263403,2020-03-31T00:00:00Z,29878,USA: WA,Homo sapiens,,3/20/2020,"Severe acute respiratory syndrome coronavirus 2 isolate SARS-CoV-2/human/USA/WA-UW323/2020, complete genome"
MT263406,2020-03-31T00:00:00Z,29887,USA: WA,Homo sapiens,,3/21/2020,"Severe acute respiratory syndrome coronavirus 2 isolate SARS-CoV-2/human/USA/WA-UW326/2020, complete genome"
MT263408,2020-03-31T00:00:00Z,29810,USA: WA,Homo sapiens,,3/24/2020,"Severe acute respiratory syndrome coronavirus 2 isolate SARS-CoV-2/human/USA/WA-UW328/2020, complete genome"
MT262903,2020-03-31T00:00:00Z,29882,USA: WA,Homo sapiens,,3/13/2020,"Severe acute respiratory syndrome coronavirus 2 isolate SARS-CoV-2/human/USA/WA-NH9/2020, complete genome"
MT263410,2020-03-31T00:00:00Z,29871,USA: WA,Homo sapiens,,3/24/2020,"Severe acute respiratory syndrome coronavirus 2 isolate SARS-CoV-2/human/USA/WA-UW330/2020, complete genome"
MT262912,2020-03-31T00:00:00Z,29882,USA: WA,Homo sapiens,,3/13/2020,"Severe acute respiratory syndrome coronavirus 2 isolate SARS-CoV-2/human/USA/WA-NH21/2020, complete genome"
MT263412,2020-03-31T00:00:00Z,29829,USA: WA,Homo sapiens,,3/22/2020,"Severe acute respiratory syndrome coronavirus 2 isolate SARS-CoV-2/human/USA/WA-UW332/2020, complete genome"
MT262914,2020-03-31T00:00:00Z,29882,USA: WA,Homo sapiens,,3/13/2020,"Severe acute respiratory syndrome coronavirus 2 isolate SARS-CoV-2/human/USA/WA-NH24/2020, complete genome"
MT263416,2020-03-31T00:00:00Z,29815,USA: WA,Homo sapiens,,3/21/2020,"Severe acute respiratory syndrome coronavirus 2 isolate SARS-CoV-2/human/USA/WA-UW336/2020, complete genome"
MT263395,2020-03-31T00:00:00Z,29904,USA: WA,Homo sapiens,,3/24/2020,"Severe acute respiratory syndrome coronavirus 2 isolate SARS-CoV-2/human/USA/WA-UW314/2020, complete genome"
MT263396,2020-03-31T00:00:00Z,29903,USA: WA,Homo sapiens,,3/22/2020,"Severe acute respiratory syndrome coronavirus 2 isolate SARS-CoV-2/human/USA/WA-UW315/2020, complete genome"
MT263399,2020-03-31T00:00:00Z,29886,USA: WA,Homo sapiens,,3/24/2020,"Severe acute respiratory syndrome coronavirus 2 isolate SARS-CoV-2/human/USA/WA-UW319/2020, complete genome"
MT263404,2020-03-31T00:00:00Z,29866,USA: WA,Homo sapiens,,3/24/2020,"Severe acute respiratory syndrome coronavirus 2 isolate SARS-CoV-2/human/USA/WA-UW324/2020, complete genome"
MT263398,2020-03-31T00:00:00Z,29884,USA: WA,Homo sapiens,,3/24/2020,"Severe acute respiratory syndrome coronavirus 2 isolate SARS-CoV-2/human/USA/WA-UW317/2020, complete genome"
MT263402,2020-03-31T00:00:00Z,29844,USA: WA,Homo sapiens,,3/23/2020,"Severe acute respiratory syndrome coronavirus 2 isolate SARS-CoV-2/human/USA/WA-UW322/2020, complete genome"
MT263388,2020-03-31T00:00:00Z,29740,USA: WA,Homo sapiens,,3/23/2020,"Severe acute respiratory syndrome coronavirus 2 isolate SARS-CoV-2/human/USA/WA-UW305/2020, complete genome"
MT263394,2020-03-31T00:00:00Z,29697,USA: WA,Homo sapiens,,3/22/2020,"Severe acute respiratory syndrome coronavirus 2 isolate SARS-CoV-2/human/USA/WA-UW313/2020, complete genome"
MT263400,2020-03-31T00:00:00Z,29841,USA: WA,Homo sapiens,,3/23/2020,"Severe acute respiratory syndrome coronavirus 2 isolate SARS-CoV-2/human/USA/WA-UW320/2020, complete genome"
MT263405,2020-03-31T00:00:00Z,29834,USA: WA,Homo sapiens,,3/21/2020,"Severe acute respiratory syndrome coronavirus 2 isolate SARS-CoV-2/human/USA/WA-UW325/2020, complete genome"
MT263391,2020-03-31T00:00:00Z,29911,USA: WA,Homo sapiens,,3/24/2020,"Severe acute respiratory syndrome coronavirus 2 isolate SARS-CoV-2/human/USA/WA-UW308/2020, complete genome"
MT263392,2020-03-31T00:00:00Z,29843,USA: WA,Homo sapiens,,3/24/2020,"Severe acute respiratory syndrome coronavirus 2 isolate SARS-CoV-2/human/USA/WA-UW310/2020, complete genome"
MT263458,2020-03-31T00:00:00Z,29881,USA: WA,Homo sapiens,,3/23/2020,"Severe acute respiratory syndrome coronavirus 2 isolate SARS-CoV-2/human/USA/WA-UW379/2020, complete genome"
MT262900,2020-03-31T00:00:00Z,29882,USA: WA,Homo sapiens,,3/13/2020,"Severe acute respiratory syndrome coronavirus 2 isolate SARS-CoV-2/human/USA/WA-NH6/2020, complete genome"
MT262904,2020-03-31T00:00:00Z,29882,USA: WA,Homo sapiens,,3/13/2020,"Severe acute respiratory syndrome coronavirus 2 isolate SARS-CoV-2/human/USA/WA-NH10/2020, complete genome"
MT263411,2020-03-31T00:00:00Z,29866,USA: WA,Homo sapiens,,3/24/2020,"Severe acute respiratory syndrome coronavirus 2 isolate SARS-CoV-2/human/USA/WA-UW331/2020, complete genome"
MT262913,2020-03-31T00:00:00Z,29882,USA: WA,Homo sapiens,,3/13/2020,"Severe acute respiratory syndrome coronavirus 2 isolate SARS-CoV-2/human/USA/WA-NH22/2020, complete genome"
MT263414,2020-03-31T00:00:00Z,29830,USA: WA,Homo sapiens,,3/24/2020,"Severe acute respiratory syndrome coronavirus 2 isolate SARS-CoV-2/human/USA/WA-UW334/2020, complete genome"
MT263417,2020-03-31T00:00:00Z,29871,USA: WA,Homo sapiens,,3/24/2020,"Severe acute respiratory syndrome coronavirus 2 isolate SARS-CoV-2/human/USA/WA-UW337/2020, complete genome"
MT263418,2020-03-31T00:00:00Z,29876,USA: WA,Homo sapiens,,3/24/2020,"Severe acute respiratory syndrome coronavirus 2 isolate SARS-CoV-2/human/USA/WA-UW338/2020, complete genome"
MT263419,2020-03-31T00:00:00Z,29853,USA: WA,Homo sapiens,,3/20/2020,"Severe acute respiratory syndrome coronavirus 2 isolate SARS-CoV-2/human/USA/WA-UW339/2020, complete genome"
MT263422,2020-03-31T00:00:00Z,29837,USA: WA,Homo sapiens,,3/24/2020,"Severe acute respiratory syndrome coronavirus 2 isolate SARS-CoV-2/human/USA/WA-UW342/2020, complete genome"
MT263425,2020-03-31T00:00:00Z,29841,USA: WA,Homo sapiens,,3/24/2020,"Severe acute respiratory syndrome coronavirus 2 isolate SARS-CoV-2/human/USA/WA-UW345/2020, complete genome"
MT262993,2020-03-31T00:00:00Z,29836,Pakistan: KPK,Homo sapiens,oronasopharynx,3/12/2020,"Severe acute respiratory syndrome coronavirus 2 isolate SARS-Cov-2/human/PAK/Manga1/2020, complete genome"
MT263413,2020-03-31T00:00:00Z,29862,USA: WA,Homo sapiens,,3/24/2020,"Severe acute respiratory syndrome coronavirus 2 isolate SARS-CoV-2/human/USA/WA-UW333/2020, complete genome"
MT263415,2020-03-31T00:00:00Z,29840,USA: WA,Homo sapiens,,3/24/2020,"Severe acute respiratory syndrome coronavirus 2 isolate SARS-CoV-2/human/USA/WA-UW335/2020, complete genome"
MT263465,2020-03-31T00:00:00Z,29867,USA: WA,Homo sapiens,,3/23/2020,"Severe acute respiratory syndrome coronavirus 2 isolate SARS-CoV-2/human/USA/WA-UW386/2020, complete genome"
MT259236,2020-03-30T00:00:00Z,29883,USA: WA,Homo sapiens,,3/16/2020,"Severe acute respiratory syndrome coronavirus 2 isolate SARS-CoV-2/human/USA/WA-UW244/2020, complete genome"
MT259237,2020-03-30T00:00:00Z,29864,USA: WA,Homo sapiens,,3/16/2020,"Severe acute respiratory syndrome coronavirus 2 isolate SARS-CoV-2/human/USA/WA-UW245/2020, complete genome"
MT259239,2020-03-30T00:00:00Z,29583,USA: WA,Homo sapiens,,3/16/2020,"Severe acute respiratory syndrome coronavirus 2 isolate SARS-CoV-2/human/USA/WA-UW247/2020, complete genome"
MT259243,2020-03-30T00:00:00Z,29757,USA: WA,Homo sapiens,,3/13/2020,"Severe acute respiratory syndrome coronavirus 2 isolate SARS-CoV-2/human/USA/WA-UW251/2020, complete genome"
MT259244,2020-03-30T00:00:00Z,29865,USA: WA,Homo sapiens,,3/16/2020,"Severe acute respiratory syndrome coronavirus 2 isolate SARS-CoV-2/human/USA/WA-UW252/2020, complete genome"
MT259246,2020-03-30T00:00:00Z,29842,USA: WA,Homo sapiens,,3/13/2020,"Severe acute respiratory syndrome coronavirus 2 isolate SARS-CoV-2/human/USA/WA-UW254/2020, complete genome"
MT259247,2020-03-30T00:00:00Z,29646,USA: WA,Homo sapiens,,3/16/2020,"Severe acute respiratory syndrome coronavirus 2 isolate SARS-CoV-2/human/USA/WA-UW255/2020, complete genome"
MT259249,2020-03-30T00:00:00Z,29821,USA: WA,Homo sapiens,,3/13/2020,"Severe acute respiratory syndrome coronavirus 2 isolate SARS-CoV-2/human/USA/WA-UW257/2020, complete genome"
MT259263,2020-03-30T00:00:00Z,29878,USA: WA,Homo sapiens,,3/13/2020,"Severe acute respiratory syndrome coronavirus 2 isolate SARS-CoV-2/human/USA/WA-UW271/2020, complete genome"
MT259268,2020-03-30T00:00:00Z,29759,USA: WA,Homo sapiens,,3/13/2020,"Severe acute respiratory syndrome coronavirus 2 isolate SARS-CoV-2/human/USA/WA-UW276/2020, complete genome"
MT258378,2020-03-30T00:00:00Z,29892,"USA: San Francisco, CA",Homo sapiens,,3/18/2020,"Severe acute respiratory syndrome coronavirus 2 isolate SARS-CoV-2/human/USA/CZB-RR057-006/2020, complete genome"
MT259273,2020-03-30T00:00:00Z,29892,USA: WA,Homo sapiens,,3/15/2020,"Severe acute respiratory syndrome coronavirus 2 isolate SARS-CoV-2/human/USA/WA-UW282/2020, complete genome"
MT258379,2020-03-30T00:00:00Z,29892,"USA: San Francisco, CA",Homo sapiens,,3/18/2020,"Severe acute respiratory syndrome coronavirus 2 isolate SARS-CoV-2/human/USA/CZB-RR057-007/2020, complete genome"
MT259251,2020-03-30T00:00:00Z,29884,USA: WA,Homo sapiens,,3/14/2020,"Severe acute respiratory syndrome coronavirus 2 isolate SARS-CoV-2/human/USA/WA-UW259/2020, complete genome"
MT259264,2020-03-30T00:00:00Z,29836,USA: WA,Homo sapiens,,3/13/2020,"Severe acute respiratory syndrome coronavirus 2 isolate SARS-CoV-2/human/USA/WA-UW272/2020, complete genome"
MT258382,2020-03-30T00:00:00Z,29885,"USA: San Francisco, CA",Homo sapiens,,3/18/2020,"Severe acute respiratory syndrome coronavirus 2 isolate SARS-CoV-2/human/USA/CZB-RR057-014/2020, complete genome"
MT259278,2020-03-30T00:00:00Z,29897,USA: WA,Homo sapiens,,3/15/2020,"Severe acute respiratory syndrome coronavirus 2 isolate SARS-CoV-2/human/USA/WA-UW288/2020, complete genome"
MT259285,2020-03-30T00:00:00Z,29831,USA: WA,Homo sapiens,,3/15/2020,"Severe acute respiratory syndrome coronavirus 2 isolate SARS-CoV-2/human/USA/WA-UW295/2020, complete genome"
MT259235,2020-03-30T00:00:00Z,29751,USA: WA,Homo sapiens,,3/13/2020,"Severe acute respiratory syndrome coronavirus 2 isolate SARS-CoV-2/human/USA/WA-UW243/2020, complete genome"
MT259253,2020-03-30T00:00:00Z,29813,USA: WA,Homo sapiens,,3/16/2020,"Severe acute respiratory syndrome coronavirus 2 isolate SARS-CoV-2/human/USA/WA-UW261/2020, complete genome"
MT258381,2020-03-30T00:00:00Z,29899,"USA: San Francisco, CA",Homo sapiens,,3/18/2020,"Severe acute respiratory syndrome coronavirus 2 isolate SARS-CoV-2/human/USA/CZB-RR057-013/2020, complete genome"
MT259274,2020-03-30T00:00:00Z,29779,USA: WA,Homo sapiens,,3/14/2020,"Severe acute respiratory syndrome coronavirus 2 isolate SARS-CoV-2/human/USA/WA-UW284/2020, complete genome"
MT258383,2020-03-30T00:00:00Z,29887,"USA: San Francisco, CA",Homo sapiens,,3/18/2020,"Severe acute respiratory syndrome coronavirus 2 isolate SARS-CoV-2/human/USA/CZB-RR057-015/2020, complete genome"
MT259287,2020-03-30T00:00:00Z,29688,USA: WA,Homo sapiens,,3/15/2020,"Severe acute respiratory syndrome coronavirus 2 isolate SARS-CoV-2/human/USA/WA-UW297/2020, complete genome"
MT259286,2020-03-30T00:00:00Z,29857,USA: WA,Homo sapiens,,3/15/2020,"Severe acute respiratory syndrome coronavirus 2 isolate SARS-CoV-2/human/USA/WA-UW296/2020, complete genome"
MT258380,2020-03-30T00:00:00Z,29890,"USA: San Francisco, CA",Homo sapiens,,3/18/2020,"Severe acute respiratory syndrome coronavirus 2 isolate SARS-CoV-2/human/USA/CZB-RR057-011/2020, complete genome"
MT259254,2020-03-30T00:00:00Z,29887,USA: WA,Homo sapiens,,3/16/2020,"Severe acute respiratory syndrome coronavirus 2 isolate SARS-CoV-2/human/USA/WA-UW262/2020, complete genome"
MT259256,2020-03-30T00:00:00Z,29833,USA: WA,Homo sapiens,,3/13/2020,"Severe acute respiratory syndrome coronavirus 2 isolate SARS-CoV-2/human/USA/WA-UW264/2020, complete genome"
MT259257,2020-03-30T00:00:00Z,29868,USA: WA,Homo sapiens,,3/16/2020,"Severe acute respiratory syndrome coronavirus 2 isolate SARS-CoV-2/human/USA/WA-UW265/2020, complete genome"
MT259258,2020-03-30T00:00:00Z,29657,USA: WA,Homo sapiens,,3/13/2020,"Severe acute respiratory syndrome coronavirus 2 isolate SARS-CoV-2/human/USA/WA-UW266/2020, complete genome"
MT259260,2020-03-30T00:00:00Z,29871,USA: WA,Homo sapiens,,3/16/2020,"Severe acute respiratory syndrome coronavirus 2 isolate SARS-CoV-2/human/USA/WA-UW268/2020, complete genome"
MT259261,2020-03-30T00:00:00Z,29837,USA: WA,Homo sapiens,,3/16/2020,"Severe acute respiratory syndrome coronavirus 2 isolate SARS-CoV-2/human/USA/WA-UW269/2020, complete genome"
MT259266,2020-03-30T00:00:00Z,29776,USA: WA,Homo sapiens,,3/13/2020,"Severe acute respiratory syndrome coronavirus 2 isolate SARS-CoV-2/human/USA/WA-UW274/2020, complete genome"
MT259267,2020-03-30T00:00:00Z,29852,USA: WA,Homo sapiens,,3/14/2020,"Severe acute respiratory syndrome coronavirus 2 isolate SARS-CoV-2/human/USA/WA-UW275/2020, complete genome"
MT259269,2020-03-30T00:00:00Z,29894,USA: WA,Homo sapiens,,3/14/2020,"Severe acute respiratory syndrome coronavirus 2 isolate SARS-CoV-2/human/USA/WA-UW277/2020, complete genome"
MT259271,2020-03-30T00:00:00Z,29864,USA: WA,Homo sapiens,,3/15/2020,"Severe acute respiratory syndrome coronavirus 2 isolate SARS-CoV-2/human/USA/WA-UW279/2020, complete genome"
MT259275,2020-03-30T00:00:00Z,29841,USA: WA,Homo sapiens,,3/14/2020,"Severe acute respiratory syndrome coronavirus 2 isolate SARS-CoV-2/human/USA/WA-UW285/2020, complete genome"
MT259277,2020-03-30T00:00:00Z,29881,USA: WA,Homo sapiens,,3/15/2020,"Severe acute respiratory syndrome coronavirus 2 isolate SARS-CoV-2/human/USA/WA-UW287/2020, complete genome"
MT259280,2020-03-30T00:00:00Z,29642,USA: WA,Homo sapiens,,3/15/2020,"Severe acute respiratory syndrome coronavirus 2 isolate SARS-CoV-2/human/USA/WA-UW290/2020, complete genome"
MT259281,2020-03-30T00:00:00Z,29839,USA: WA,Homo sapiens,,3/15/2020,"Severe acute respiratory syndrome coronavirus 2 isolate SARS-CoV-2/human/USA/WA-UW291/2020, complete genome"
MT259282,2020-03-30T00:00:00Z,29815,USA: WA,Homo sapiens,,3/15/2020,"Severe acute respiratory syndrome coronavirus 2 isolate SARS-CoV-2/human/USA/WA-UW292/2020, complete genome"
MT259284,2020-03-30T00:00:00Z,29432,USA: WA,Homo sapiens,,3/15/2020,"Severe acute respiratory syndrome coronavirus 2 isolate SARS-CoV-2/human/USA/WA-UW294/2020, complete genome"
MT259241,2020-03-30T00:00:00Z,29682,USA: WA,Homo sapiens,,3/16/2020,"Severe acute respiratory syndrome coronavirus 2 isolate SARS-CoV-2/human/USA/WA-UW249/2020, complete genome"
MT259245,2020-03-30T00:00:00Z,29826,USA: WA,Homo sapiens,,3/15/2020,"Severe acute respiratory syndrome coronavirus 2 isolate SARS-CoV-2/human/USA/WA-UW253/2020, complete genome"
MT259248,2020-03-30T00:00:00Z,29879,USA: WA,Homo sapiens,,3/14/2020,"Severe acute respiratory syndrome coronavirus 2 isolate SARS-CoV-2/human/USA/WA-UW256/2020, complete genome"
MT259250,2020-03-30T00:00:00Z,29702,USA: WA,Homo sapiens,,3/14/2020,"Severe acute respiratory syndrome coronavirus 2 isolate SARS-CoV-2/human/USA/WA-UW258/2020, complete genome"
MT259252,2020-03-30T00:00:00Z,29790,USA: WA,Homo sapiens,,3/14/2020,"Severe acute respiratory syndrome coronavirus 2 isolate SARS-CoV-2/human/USA/WA-UW260/2020, complete genome"
MT258377,2020-03-30T00:00:00Z,29888,"USA: San Francisco, CA",Homo sapiens,,3/18/2020,"Severe acute respiratory syndrome coronavirus 2 isolate SARS-CoV-2/human/USA/CZB-RR057-005/2020, complete genome"
MT259227,2020-03-30T00:00:00Z,29863,"China: Hubei, Wuhan",Homo sapiens,oronasopharynx,1/26/2020,"Severe acute respiratory syndrome coronavirus 2 isolate SARS-CoV-2/human/CHN/Wuhan_YB012611/2020, complete genome"
MT259228,2020-03-30T00:00:00Z,29861,"China: Hubei, Wuhan",Homo sapiens,oronasopharynx,1/26/2020,"Severe acute respiratory syndrome coronavirus 2 isolate SARS-CoV-2/human/CHN/Wuhan_YB012605/2020, complete genome"
MT259226,2020-03-30T00:00:00Z,29868,"China: Hubei, Wuhan",Homo sapiens,oronasopharynx,1/10/2020,"Severe acute respiratory syndrome coronavirus 2 isolate SARS-CoV-2/human/CHN/Wuhan_OS52/2020, complete genome"
MT259230,2020-03-30T00:00:00Z,29866,"China: Hubei, Wuhan",Homo sapiens,oronasopharynx,1/25/2020,"Severe acute respiratory syndrome coronavirus 2 isolate SARS-CoV-2/human/CHN/Wuhan_YB012506/2020, complete genome"
MT259231,2020-03-30T00:00:00Z,29865,"China: Hubei, Wuhan",Homo sapiens,oronasopharynx,1/25/2020,"Severe acute respiratory syndrome coronavirus 2 isolate SARS-CoV-2/human/CHN/Wuhan_YB012504/2020, complete genome"
MT259229,2020-03-30T00:00:00Z,29864,"China: Hubei, Wuhan",Homo sapiens,oronasopharynx,1/26/2020,"Severe acute respiratory syndrome coronavirus 2 isolate SARS-CoV-2/human/CHN/Wuhan_YB012602/2020, complete genome"
MT253699,2020-03-27T00:00:00Z,29781,"China: Zhejiang, Hangzhou",Homo sapiens,"lung, oronasopharynx",1/24/2020,"Severe acute respiratory syndrome coronavirus 2 isolate SARS-CoV-2/human/CHN/HZ-477/2020, complete genome"
MT253700,2020-03-27T00:00:00Z,29781,"China: Zhejiang, Hangzhou",Homo sapiens,"lung, oronasopharynx",1/25/2020,"Severe acute respiratory syndrome coronavirus 2 isolate SARS-CoV-2/human/CHN/HZ-481/2020, complete genome"
MT253707,2020-03-27T00:00:00Z,29781,"China: Zhejiang, Hangzhou",Homo sapiens,"lung, oronasopharynx",1/25/2020,"Severe acute respiratory syndrome coronavirus 2 isolate SARS-CoV-2/human/CHN/HZ-638/2020, complete genome"
MT251979,2020-03-27T00:00:00Z,29839,USA: WA,Homo sapiens,,3/14/2020,"Severe acute respiratory syndrome coronavirus 2 isolate SARS-CoV-2/human/USA/WA-UW241/2020, complete genome"
MT251972,2020-03-27T00:00:00Z,29861,USA: WA,Homo sapiens,,3/14/2020,"Severe acute respiratory syndrome coronavirus 2 isolate SARS-CoV-2/human/USA/WA-UW236/2020, complete genome"
MT253698,2020-03-27T00:00:00Z,29781,"China: Zhejiang, Hangzhou",Homo sapiens,"lung, oronasopharynx",1/23/2020,"Severe acute respiratory syndrome coronavirus 2 isolate SARS-CoV-2/human/CHN/HZ-185/2020, complete genome"
MT253702,2020-03-27T00:00:00Z,29781,"China: Zhejiang, Hangzhou",Homo sapiens,"lung, oronasopharynx",1/21/2020,"Severe acute respiratory syndrome coronavirus 2 isolate SARS-CoV-2/human/CHN/HZ-49/2020, complete genome"
MT253704,2020-03-27T00:00:00Z,29781,"China: Zhejiang, Hangzhou",Homo sapiens,"lung, oronasopharynx",1/25/2020,"Severe acute respiratory syndrome coronavirus 2 isolate SARS-CoV-2/human/CHN/HZ-576/2020, complete genome"
MT253705,2020-03-27T00:00:00Z,29781,"China: Zhejiang, Hangzhou",Homo sapiens,"lung, oronasopharynx",1/22/2020,"Severe acute respiratory syndrome coronavirus 2 isolate SARS-CoV-2/human/CHN/HZ-60/2020, complete genome"
MT251978,2020-03-27T00:00:00Z,29905,USA: WA,Homo sapiens,,3/14/2020,"Severe acute respiratory syndrome coronavirus 2 isolate SARS-CoV-2/human/USA/WA-UW235/2020, complete genome"
MT251973,2020-03-27T00:00:00Z,29871,USA: WA,Homo sapiens,,3/14/2020,"Severe acute respiratory syndrome coronavirus 2 isolate SARS-CoV-2/human/USA/WA-UW237/2020, complete genome"
MT251974,2020-03-27T00:00:00Z,29852,USA: WA,Homo sapiens,,3/12/2020,"Severe acute respiratory syndrome coronavirus 2 isolate SARS-CoV-2/human/USA/WA-UW238/2020, complete genome"
MT251975,2020-03-27T00:00:00Z,29875,USA: WA,Homo sapiens,,3/14/2020,"Severe acute respiratory syndrome coronavirus 2 isolate SARS-CoV-2/human/USA/WA-UW239/2020, complete genome"
MT251976,2020-03-27T00:00:00Z,29899,USA: WA,Homo sapiens,,3/14/2020,"Severe acute respiratory syndrome coronavirus 2 isolate SARS-CoV-2/human/USA/WA-UW240/2020, complete genome"
MT251977,2020-03-27T00:00:00Z,29829,USA: WA,Homo sapiens,,3/14/2020,"Severe acute respiratory syndrome coronavirus 2 isolate SARS-CoV-2/human/USA/WA-UW234/2020, complete genome"
MT253696,2020-03-27T00:00:00Z,29781,"China: Zhejiang, Hangzhou",Homo sapiens,"lung, oronasopharynx",1/23/2020,"Severe acute respiratory syndrome coronavirus 2 isolate SARS-CoV-2/human/CHN/HZ-162/2020, complete genome"
MT253697,2020-03-27T00:00:00Z,29781,"China: Zhejiang, Hangzhou",Homo sapiens,"lung, oronasopharynx",1/23/2020,"Severe acute respiratory syndrome coronavirus 2 isolate SARS-CoV-2/human/CHN/HZ-178/2020, complete genome"
MT253701,2020-03-27T00:00:00Z,29781,"China: Zhejiang, Hangzhou",Homo sapiens,"lung, oronasopharynx",1/21/2020,"Severe acute respiratory syndrome coronavirus 2 isolate SARS-CoV-2/human/CHN/HZ-48/2020, complete genome"
MT253703,2020-03-27T00:00:00Z,29781,"China: Zhejiang, Hangzhou",Homo sapiens,"lung, oronasopharynx",1/25/2020,"Severe acute respiratory syndrome coronavirus 2 isolate SARS-CoV-2/human/CHN/HZ-551/2020, complete genome"
MT253706,2020-03-27T00:00:00Z,29781,"China: Zhejiang, Hangzhou",Homo sapiens,"lung, oronasopharynx",1/22/2020,"Severe acute respiratory syndrome coronavirus 2 isolate SARS-CoV-2/human/CHN/HZ-62/2020, complete genome"
MT251980,2020-03-27T00:00:00Z,29845,USA: WA,Homo sapiens,,3/13/2020,"Severe acute respiratory syndrome coronavirus 2 isolate SARS-CoV-2/human/USA/WA-UW242/2020, complete genome"
MT253709,2020-03-27T00:00:00Z,29781,"China: Zhejiang, Hangzhou",Homo sapiens,"lung, oronasopharynx",1/21/2020,"Severe acute respiratory syndrome coronavirus 2 isolate SARS-CoV-2/human/CHN/HZ-90/2020, complete genome"
MT253708,2020-03-27T00:00:00Z,29781,"China: Zhejiang, Hangzhou",Homo sapiens,"lung, oronasopharynx",1/21/2020,"Severe acute respiratory syndrome coronavirus 2 isolate SARS-CoV-2/human/CHN/HZ-79/2020, complete genome"
MT253710,2020-03-27T00:00:00Z,29781,"China: Zhejiang, Hangzhou",Homo sapiens,"lung, oronasopharynx",1/21/2020,"Severe acute respiratory syndrome coronavirus 2 isolate SARS-CoV-2/human/CHN/HZ-91/2020, complete genome"
MT246466,2020-03-26T00:00:00Z,29897,USA: WA,Homo sapiens,,3/13/2020,"Severe acute respiratory syndrome coronavirus 2 isolate SARS-CoV-2/human/USA/WA-UW209/2020, complete genome"
MT246471,2020-03-26T00:00:00Z,29871,USA: WA,Homo sapiens,,3/14/2020,"Severe acute respiratory syndrome coronavirus 2 isolate SARS-CoV-2/human/USA/WA-UW214/2020, complete genome"
MT246450,2020-03-26T00:00:00Z,29872,USA: WA,Homo sapiens,,3/13/2020,"Severe acute respiratory syndrome coronavirus 2 isolate SARS-CoV-2/human/USA/WA-UW193/2020, complete genome"
MT246451,2020-03-26T00:00:00Z,29868,USA: WA,Homo sapiens,,3/13/2020,"Severe acute respiratory syndrome coronavirus 2 isolate SARS-CoV-2/human/USA/WA-UW194/2020, complete genome"
MT246452,2020-03-26T00:00:00Z,29888,USA: WA,Homo sapiens,,3/13/2020,"Severe acute respiratory syndrome coronavirus 2 isolate SARS-CoV-2/human/USA/WA-UW195/2020, complete genome"
MT246458,2020-03-26T00:00:00Z,29765,USA: WA,Homo sapiens,,3/12/2020,"Severe acute respiratory syndrome coronavirus 2 isolate SARS-CoV-2/human/USA/WA-UW201/2020, complete genome"
MT246460,2020-03-26T00:00:00Z,29917,USA: WA,Homo sapiens,,3/12/2020,"Severe acute respiratory syndrome coronavirus 2 isolate SARS-CoV-2/human/USA/WA-UW203/2020, complete genome"
MT246474,2020-03-26T00:00:00Z,29884,USA: WA,Homo sapiens,,3/14/2020,"Severe acute respiratory syndrome coronavirus 2 isolate SARS-CoV-2/human/USA/WA-UW217/2020, complete genome"
MT246478,2020-03-26T00:00:00Z,29889,USA: WA,Homo sapiens,,3/14/2020,"Severe acute respiratory syndrome coronavirus 2 isolate SARS-CoV-2/human/USA/WA-UW221/2020, complete genome"
MT246479,2020-03-26T00:00:00Z,29828,USA: WA,Homo sapiens,,3/13/2020,"Severe acute respiratory syndrome coronavirus 2 isolate SARS-CoV-2/human/USA/WA-UW222/2020, complete genome"
MT246480,2020-03-26T00:00:00Z,29904,USA: WA,Homo sapiens,,3/13/2020,"Severe acute respiratory syndrome coronavirus 2 isolate SARS-CoV-2/human/USA/WA-UW223/2020, complete genome"
MT246481,2020-03-26T00:00:00Z,29873,USA: WA,Homo sapiens,,3/13/2020,"Severe acute respiratory syndrome coronavirus 2 isolate SARS-CoV-2/human/USA/WA-UW224/2020, complete genome"
MT246461,2020-03-26T00:00:00Z,29877,USA: WA,Homo sapiens,,3/13/2020,"Severe acute respiratory syndrome coronavirus 2 isolate SARS-CoV-2/human/USA/WA-UW204/2020, complete genome"
MT246462,2020-03-26T00:00:00Z,29903,USA: WA,Homo sapiens,,3/13/2020,"Severe acute respiratory syndrome coronavirus 2 isolate SARS-CoV-2/human/USA/WA-UW205/2020, complete genome"
MT246476,2020-03-26T00:00:00Z,29863,USA: WA,Homo sapiens,,3/13/2020,"Severe acute respiratory syndrome coronavirus 2 isolate SARS-CoV-2/human/USA/WA-UW219/2020, complete genome"
MT246449,2020-03-26T00:00:00Z,29828,USA: WA,Homo sapiens,,3/13/2020,"Severe acute respiratory syndrome coronavirus 2 isolate SARS-CoV-2/human/USA/WA-UW192/2020, complete genome"
MT246453,2020-03-26T00:00:00Z,29823,USA: WA,Homo sapiens,,3/13/2020,"Severe acute respiratory syndrome coronavirus 2 isolate SARS-CoV-2/human/USA/WA-UW196/2020, complete genome"
MT246464,2020-03-26T00:00:00Z,29818,USA: WA,Homo sapiens,,3/13/2020,"Severe acute respiratory syndrome coronavirus 2 isolate SARS-CoV-2/human/USA/WA-UW207/2020, complete genome"
MT246456,2020-03-26T00:00:00Z,29846,USA: WA,Homo sapiens,,3/13/2020,"Severe acute respiratory syndrome coronavirus 2 isolate SARS-CoV-2/human/USA/WA-UW199/2020, complete genome"
MT246475,2020-03-26T00:00:00Z,29877,USA: WA,Homo sapiens,,3/13/2020,"Severe acute respiratory syndrome coronavirus 2 isolate SARS-CoV-2/human/USA/WA-UW218/2020, complete genome"
MT246469,2020-03-26T00:00:00Z,29869,USA: WA,Homo sapiens,,3/14/2020,"Severe acute respiratory syndrome coronavirus 2 isolate SARS-CoV-2/human/USA/WA-UW212/2020, complete genome"
MT246487,2020-03-26T00:00:00Z,29883,USA: WA,Homo sapiens,,3/15/2020,"Severe acute respiratory syndrome coronavirus 2 isolate SARS-CoV-2/human/USA/WA-UW230/2020, complete genome"
MT246482,2020-03-26T00:00:00Z,29844,USA: WA,Homo sapiens,,3/15/2020,"Severe acute respiratory syndrome coronavirus 2 isolate SARS-CoV-2/human/USA/WA-UW225/2020, complete genome"
MT246477,2020-03-26T00:00:00Z,29886,USA: WA,Homo sapiens,,3/14/2020,"Severe acute respiratory syndrome coronavirus 2 isolate SARS-CoV-2/human/USA/WA-UW220/2020, complete genome"
MT246459,2020-03-26T00:00:00Z,29909,USA: WA,Homo sapiens,,3/12/2020,"Severe acute respiratory syndrome coronavirus 2 isolate SARS-CoV-2/human/USA/WA-UW202/2020, complete genome"
MT246454,2020-03-26T00:00:00Z,29892,USA: WA,Homo sapiens,,3/12/2020,"Severe acute respiratory syndrome coronavirus 2 isolate SARS-CoV-2/human/USA/WA-UW197/2020, complete genome"
MT246455,2020-03-26T00:00:00Z,29857,USA: WA,Homo sapiens,,3/12/2020,"Severe acute respiratory syndrome coronavirus 2 isolate SARS-CoV-2/human/USA/WA-UW198/2020, complete genome"
MT246457,2020-03-26T00:00:00Z,29843,USA: WA,Homo sapiens,,3/12/2020,"Severe acute respiratory syndrome coronavirus 2 isolate SARS-CoV-2/human/USA/WA-UW200/2020, complete genome"
MT246484,2020-03-26T00:00:00Z,29870,USA: WA,Homo sapiens,,3/15/2020,"Severe acute respiratory syndrome coronavirus 2 isolate SARS-CoV-2/human/USA/WA-UW227/2020, complete genome"
MT246485,2020-03-26T00:00:00Z,29775,USA: WA,Homo sapiens,,3/15/2020,"Severe acute respiratory syndrome coronavirus 2 isolate SARS-CoV-2/human/USA/WA-UW228/2020, complete genome"
MT246486,2020-03-26T00:00:00Z,29867,USA: WA,Homo sapiens,,3/14/2020,"Severe acute respiratory syndrome coronavirus 2 isolate SARS-CoV-2/human/USA/WA-UW229/2020, complete genome"
MT246488,2020-03-26T00:00:00Z,29842,USA: WA,Homo sapiens,,3/14/2020,"Severe acute respiratory syndrome coronavirus 2 isolate SARS-CoV-2/human/USA/WA-UW231/2020, complete genome"
MT246489,2020-03-26T00:00:00Z,29864,USA: WA,Homo sapiens,,3/14/2020,"Severe acute respiratory syndrome coronavirus 2 isolate SARS-CoV-2/human/USA/WA-UW232/2020, complete genome"
MT246490,2020-03-26T00:00:00Z,29850,USA: WA,Homo sapiens,,3/15/2020,"Severe acute respiratory syndrome coronavirus 2 isolate SARS-CoV-2/human/USA/WA-UW233/2020, complete genome"
MT246473,2020-03-26T00:00:00Z,29825,USA: WA,Homo sapiens,,3/14/2020,"Severe acute respiratory syndrome coronavirus 2 isolate SARS-CoV-2/human/USA/WA-UW216/2020, complete genome"
MT246467,2020-03-26T00:00:00Z,29899,USA: WA,Homo sapiens,,3/14/2020,"Severe acute respiratory syndrome coronavirus 2 isolate SARS-CoV-2/human/USA/WA-UW210/2020, complete genome"
MT246472,2020-03-26T00:00:00Z,29810,USA: WA,Homo sapiens,,3/12/2020,"Severe acute respiratory syndrome coronavirus 2 isolate SARS-CoV-2/human/USA/WA-UW215/2020, complete genome"
MT246468,2020-03-26T00:00:00Z,29843,USA: WA,Homo sapiens,,3/14/2020,"Severe acute respiratory syndrome coronavirus 2 isolate SARS-CoV-2/human/USA/WA-UW211/2020, complete genome"
MT246470,2020-03-26T00:00:00Z,29860,USA: WA,Homo sapiens,,3/13/2020,"Severe acute respiratory syndrome coronavirus 2 isolate SARS-CoV-2/human/USA/WA-UW213/2020, complete genome"
MT233526,2020-03-26T00:00:00Z,29847,USA: WA,Homo sapiens,oronasopharynx,1/19/2020,"Severe acute respiratory syndrome coronavirus 2 strain FDAARGOS_983 isolate 2019-nCoV/USA-WA1/2020, complete genome"
MT246667,2020-03-26T00:00:00Z,29867,USA: WA,Homo sapiens,oronasopharynx,1/19/2020,"Severe acute respiratory syndrome coronavirus 2 strain FDAARGOS_983 isolate 2019-nCoV/USA-WA1/2020, complete genome"
MT240479,2020-03-25T00:00:00Z,29836,Pakistan: Gilgit,Homo sapiens,oronasopharynx,3/4/2020,"Severe acute respiratory syndrome coronavirus 2 isolate SARS-CoV-2/human/PAK/Gilgit1/2020, complete genome"
MT233519,2020-03-24T00:00:00Z,29782,Spain: Valencia,Homo sapiens,,2/27/2020,"Severe acute respiratory syndrome coronavirus 2 isolate SARS-CoV-2/human/ESP/Valencia5/2020, complete genome"
MT233522,2020-03-24T00:00:00Z,29782,Spain: Valencia,Homo sapiens,,3/2/2020,"Severe acute respiratory syndrome coronavirus 2 isolate SARS-CoV-2/human/ESP/Valencia7/2020, complete genome"
MT233523,2020-03-24T00:00:00Z,29782,Spain: Valencia,Homo sapiens,,3/4/2020,"Severe acute respiratory syndrome coronavirus 2 isolate SARS-CoV-2/human/ESP/Valencia8/2020, complete genome"
MT226610,2020-03-20T00:00:00Z,29899,China,Homo sapiens,oronasopharynx,1/20/2020,"Severe acute respiratory syndrome coronavirus 2 isolate SARS-CoV-2/human/CHN/KMS1/2020, complete genome"
MT198652,2020-03-17T00:00:00Z,29782,Spain: Valencia,Homo sapiens,lung,3/5/2020,"Severe acute respiratory syndrome coronavirus 2 isolate SARS-CoV-2/human/ESP/Valencia003/2020, complete genome"
MT192759,2020-03-16T00:00:00Z,29862,Taiwan,Homo sapiens,"lung, oronasopharynx",1/25/2020,"Severe acute respiratory syndrome coronavirus 2 isolate SARS-CoV-2/human/TWN/CGMH-CGU-01/2020, complete genome"
MT192772,2020-03-16T00:00:00Z,29891,Viet Nam: Ho Chi Minh city,Homo sapiens,,1/22/2020,"Severe acute respiratory syndrome coronavirus 2 isolate SARS-CoV-2/human/VNM/nCoV-19-01S/2020, complete genome"
MT192765,2020-03-16T00:00:00Z,29829,"USA: CA, San Diego County",Homo sapiens,,3/11/2020,"Severe acute respiratory syndrome coronavirus 2 isolate SARS-CoV-2/human/USA/PC00101P/2020, complete genome"
MT192773,2020-03-16T00:00:00Z,29890,Viet Nam: Ho Chi Minh city,Homo sapiens,,1/22/2020,"Severe acute respiratory syndrome coronavirus 2 isolate SARS-CoV-2/human/VNM/nCoV-19-02S/2020, complete genome"
MT188340,2020-03-13T00:00:00Z,29845,USA: MN,Homo sapiens,,3/7/2020,"Severe acute respiratory syndrome coronavirus 2 isolate USA/MN2-MDH2/2020, complete genome"
MT188339,2020-03-13T00:00:00Z,29783,USA: MN,Homo sapiens,,3/9/2020,"Severe acute respiratory syndrome coronavirus 2 isolate USA/MN3-MDH3/2020, complete genome"
MT188341,2020-03-13T00:00:00Z,29835,USA: MN,Homo sapiens,,3/5/2020,"Severe acute respiratory syndrome coronavirus 2 isolate USA/MN1-MDH1/2020, complete genome"
MT184911,2020-03-12T00:00:00Z,29882,USA,Homo sapiens,oronasopharynx,2/17/2020,"Severe acute respiratory syndrome coronavirus 2 isolate 2019-nCoV/USA-CruiseA-24/2020, complete genome"
MT184913,2020-03-12T00:00:00Z,29882,USA,Homo sapiens,oronasopharynx,2/24/2020,"Severe acute respiratory syndrome coronavirus 2 isolate 2019-nCoV/USA-CruiseA-26/2020, complete genome"
MT184910,2020-03-12T00:00:00Z,29882,USA,Homo sapiens,oronasopharynx,2/18/2020,"Severe acute respiratory syndrome coronavirus 2 isolate 2019-nCoV/USA-CruiseA-23/2020, complete genome"
MT184907,2020-03-12T00:00:00Z,29882,USA,Homo sapiens,oronasopharynx,2/18/2020,"Severe acute respiratory syndrome coronavirus 2 isolate 2019-nCoV/USA-CruiseA-19/2020, complete genome"
MT184912,2020-03-12T00:00:00Z,29882,USA,Homo sapiens,oronasopharynx,2/17/2020,"Severe acute respiratory syndrome coronavirus 2 isolate 2019-nCoV/USA-CruiseA-25/2020, complete genome"
MT184908,2020-03-12T00:00:00Z,29880,USA,Homo sapiens,oronasopharynx,2/21/2020,"Severe acute respiratory syndrome coronavirus 2 isolate 2019-nCoV/USA-CruiseA-21/2020, complete genome"
MT184909,2020-03-12T00:00:00Z,29882,USA,Homo sapiens,oronasopharynx,2/21/2020,"Severe acute respiratory syndrome coronavirus 2 isolate 2019-nCoV/USA-CruiseA-22/2020, complete genome"
MT163719,2020-03-10T00:00:00Z,29903,USA: WA,Homo sapiens,,3/1/2020,"Severe acute respiratory syndrome coronavirus 2 isolate SARS-CoV-2/human/USA/WA7-UW4/2020, complete genome"
MT163717,2020-03-10T00:00:00Z,29897,USA: WA,Homo sapiens,,2/28/2020,"Severe acute respiratory syndrome coronavirus 2 isolate SARS-CoV-2/human/USA/WA4-UW2/2020, complete genome"
MT163718,2020-03-10T00:00:00Z,29903,USA: WA,Homo sapiens,,2/29/2020,"Severe acute respiratory syndrome coronavirus 2 isolate SARS-CoV-2/human/USA/WA6-UW3/2020, complete genome"
MT163716,2020-03-10T00:00:00Z,29903,USA: WA,Homo sapiens,,2/27/2020,"Severe acute respiratory syndrome coronavirus 2 isolate SARS-CoV-2/human/USA/WA3-UW1/2020, complete genome"
MT159708,2020-03-09T00:00:00Z,29882,USA,Homo sapiens,oronasopharynx,2/17/2020,"Severe acute respiratory syndrome coronavirus 2 isolate 2019-nCoV/USA-CruiseA-11/2020, complete genome"
MT159720,2020-03-09T00:00:00Z,29882,USA,Homo sapiens,oronasopharynx,2/21/2020,"Severe acute respiratory syndrome coronavirus 2 isolate 2019-nCoV/USA-CruiseA-4/2020, complete genome"
MT159706,2020-03-09T00:00:00Z,29882,USA,Homo sapiens,oronasopharynx,2/17/2020,"Severe acute respiratory syndrome coronavirus 2 isolate 2019-nCoV/USA-CruiseA-8/2020, complete genome"
MT159709,2020-03-09T00:00:00Z,29882,USA,Homo sapiens,oronasopharynx,2/20/2020,"Severe acute respiratory syndrome coronavirus 2 isolate 2019-nCoV/USA-CruiseA-12/2020, complete genome"
MT159721,2020-03-09T00:00:00Z,29882,USA,Homo sapiens,oronasopharynx,2/21/2020,"Severe acute respiratory syndrome coronavirus 2 isolate 2019-nCoV/USA-CruiseA-5/2020, complete genome"
MT159707,2020-03-09T00:00:00Z,29882,USA,Homo sapiens,oronasopharynx,2/17/2020,"Severe acute respiratory syndrome coronavirus 2 isolate 2019-nCoV/USA-CruiseA-10/2020, complete genome"
MT159711,2020-03-09T00:00:00Z,29882,USA,Homo sapiens,oronasopharynx,2/20/2020,"Severe acute respiratory syndrome coronavirus 2 isolate 2019-nCoV/USA-CruiseA-13/2020, complete genome"
MT159713,2020-03-09T00:00:00Z,29882,USA,Homo sapiens,oronasopharynx,2/18/2020,"Severe acute respiratory syndrome coronavirus 2 isolate 2019-nCoV/USA-CruiseA-15/2020, complete genome"
MT159718,2020-03-09T00:00:00Z,29882,USA,Homo sapiens,oronasopharynx,2/18/2020,"Severe acute respiratory syndrome coronavirus 2 isolate 2019-nCoV/USA-CruiseA-2/2020, complete genome"
MT159712,2020-03-09T00:00:00Z,29882,USA,Homo sapiens,oronasopharynx,2/25/2020,"Severe acute respiratory syndrome coronavirus 2 isolate 2019-nCoV/USA-CruiseA-14/2020, complete genome"
MT159719,2020-03-09T00:00:00Z,29882,USA,Homo sapiens,oronasopharynx,2/18/2020,"Severe acute respiratory syndrome coronavirus 2 isolate 2019-nCoV/USA-CruiseA-3/2020, complete genome"
MT159717,2020-03-09T00:00:00Z,29882,USA,Homo sapiens,oronasopharynx,2/17/2020,"Severe acute respiratory syndrome coronavirus 2 isolate 2019-nCoV/USA-CruiseA-1/2020, complete genome"
MT159715,2020-03-09T00:00:00Z,29882,USA,Homo sapiens,oronasopharynx,2/24/2020,"Severe acute respiratory syndrome coronavirus 2 isolate 2019-nCoV/USA-CruiseA-17/2020, complete genome"
MT159716,2020-03-09T00:00:00Z,29867,USA,Homo sapiens,oronasopharynx,2/24/2020,"Severe acute respiratory syndrome coronavirus 2 isolate 2019-nCoV/USA-CruiseA-18/2020, complete genome"
MT159722,2020-03-09T00:00:00Z,29882,USA,Homo sapiens,oronasopharynx,2/21/2020,"Severe acute respiratory syndrome coronavirus 2 isolate 2019-nCoV/USA-CruiseA-6/2020, complete genome"
MT159705,2020-03-09T00:00:00Z,29882,USA,Homo sapiens,oronasopharynx,2/17/2020,"Severe acute respiratory syndrome coronavirus 2 isolate 2019-nCoV/USA-CruiseA-7/2020, complete genome"
MT159710,2020-03-09T00:00:00Z,29882,USA,Homo sapiens,oronasopharynx,2/17/2020,"Severe acute respiratory syndrome coronavirus 2 isolate 2019-nCoV/USA-CruiseA-9/2020, complete genome"
MT159714,2020-03-09T00:00:00Z,29882,USA,Homo sapiens,oronasopharynx,2/18/2020,"Severe acute respiratory syndrome coronavirus 2 isolate 2019-nCoV/USA-CruiseA-16/2020, complete genome"
MT066156,2020-03-09T00:00:00Z,29867,Italy,Homo sapiens,"lung, oronasopharynx",1/30/2020,"Severe acute respiratory syndrome coronavirus 2 isolate SARS-CoV-2/human/ITA/INMI1/2020, complete genome"
MT121215,2020-03-09T00:00:00Z,29945,China: Shanghai,Homo sapiens,oronasopharynx,2/2/2020,"Severe acute respiratory syndrome coronavirus 2 isolate SARS-CoV-2/human/CHN/SH01/2020, complete genome"
MT050493,2020-03-06T00:00:00Z,29851,India: Kerala State,Homo sapiens,oronasopharynx,1/31/2020,"Severe acute respiratory syndrome coronavirus 2 isolate SARS-CoV-2/human/IND/166/2020, complete genome"
MT012098,2020-03-06T00:00:00Z,29854,India: Kerala State,Homo sapiens,oronasopharynx,1/27/2020,"Severe acute respiratory syndrome coronavirus 2 isolate SARS-CoV-2/human/IND/29/2020, complete genome"
MT152824,2020-03-05T00:00:00Z,29878,"USA: Snohomish County, WA",Homo sapiens,,2/24/2020,"Severe acute respiratory syndrome coronavirus 2 isolate SARS-CoV-2/human/USA/WA2/2020, complete genome"
MT135043,2020-03-04T00:00:00Z,29903,China: Beijing,Homo sapiens,,1/28/2020,"Severe acute respiratory syndrome coronavirus 2 isolate SARS-CoV-2/human/CHN/233/2020, complete genome"
MT135042,2020-03-04T00:00:00Z,29903,China: Beijing,Homo sapiens,,1/28/2020,"Severe acute respiratory syndrome coronavirus 2 isolate SARS-CoV-2/human/CHN/231/2020, complete genome"
MT135044,2020-03-04T00:00:00Z,29903,China: Beijing,Homo sapiens,,1/28/2020,"Severe acute respiratory syndrome coronavirus 2 isolate SARS-CoV-2/human/CHN/235/2020, complete genome"
MT135041,2020-03-04T00:00:00Z,29903,China: Beijing,Homo sapiens,,1/26/2020,"Severe acute respiratory syndrome coronavirus 2 isolate SARS-CoV-2/human/CHN/105/2020, complete genome"
MT126808,2020-03-02T00:00:00Z,29876,Brazil,Homo sapiens,oronasopharynx,2/28/2020,"Severe acute respiratory syndrome coronavirus 2 isolate SARS-CoV-2/human/BRA/SP02/2020, complete genome"
MT123290,2020-02-28T00:00:00Z,29891,"China: Guangdong, Guangzhou",Homo sapiens,oronasopharynx,2/5/2020,"Severe acute respiratory syndrome coronavirus 2 isolate SARS-CoV-2/human/CHN/IQTC01/2020, complete genome"
MT123292,2020-02-28T00:00:00Z,29923,China: Guangzhou,Homo sapiens,"lung, oronasopharynx",1/27/2020,"Severe acute respiratory syndrome coronavirus 2 isolate SARS-CoV-2/human/CHN/IQTC04/2020, complete genome"
MT123293,2020-02-28T00:00:00Z,29871,China: Guangzhou,Homo sapiens,feces,1/29/2020,"Severe acute respiratory syndrome coronavirus 2 isolate SARS-CoV-2/human/CHN/IQTC03/2020, complete genome"
MT123291,2020-02-28T00:00:00Z,29882,China: Guangzhou,Homo sapiens,lung,1/29/2020,"Severe acute respiratory syndrome coronavirus 2 isolate SARS-CoV-2/human/CHN/IQTC02/2020, complete genome"
MT118835,2020-02-27T00:00:00Z,29882,USA: CA,Homo sapiens,lung,2/23/2020,"Severe acute respiratory syndrome coronavirus 2 isolate 2019-nCoV/USA-CA9/2020, complete genome"
MT106053,2020-02-24T00:00:00Z,29882,USA: CA,Homo sapiens,oronasopharynx,2/10/2020,"Severe acute respiratory syndrome coronavirus 2 isolate 2019-nCoV/USA-CA8/2020, complete genome"
MT106052,2020-02-24T00:00:00Z,29882,USA: CA,Homo sapiens,oronasopharynx,2/6/2020,"Severe acute respiratory syndrome coronavirus 2 isolate 2019-nCoV/USA-CA7/2020, complete genome"
MT106054,2020-02-24T00:00:00Z,29882,USA: TX,Homo sapiens,"lung, oronasopharynx",2/11/2020,"Severe acute respiratory syndrome coronavirus 2 isolate 2019-nCoV/USA-TX1/2020, complete genome"
MT093571,2020-02-21T00:00:00Z,29886,Sweden,Homo sapiens,,2/7/2020,"Severe acute respiratory syndrome coronavirus 2 isolate SARS-CoV-2/human/SWE/01/2020, complete genome"
MT093631,2020-02-21T00:00:00Z,29860,China,Homo sapiens,oronasopharynx,1/8/2020,"Severe acute respiratory syndrome coronavirus 2 isolate SARS-CoV-2/human/CHN/WH-09/2020, complete genome"
MT072688,2020-02-18T00:00:00Z,29811,Nepal,Homo sapiens,oronasopharynx,1/13/2020,"Severe acute respiratory syndrome coronavirus 2 isolate SARS-CoV-2/human/NPL/61-TW/2020, complete genome"
MT066175,2020-02-14T00:00:00Z,29870,Taiwan,Homo sapiens,,1/31/2020,"Severe acute respiratory syndrome coronavirus 2 isolate SARS-CoV-2/NTU01/TWN/human/2020, complete genome"
MT066176,2020-02-14T00:00:00Z,29870,Taiwan,Homo sapiens,,2/5/2020,"Severe acute respiratory syndrome coronavirus 2 isolate SARS-CoV-2/NTU02/TWN/human/2020, complete genome"
MT044258,2020-02-12T00:00:00Z,29858,USA: CA,Homo sapiens,oronasopharynx,1/27/2020,"Severe acute respiratory syndrome coronavirus 2 isolate 2019-nCoV/USA-CA6/2020, complete genome"
MT044257,2020-02-12T00:00:00Z,29882,USA: IL,Homo sapiens,"lung, oronasopharynx",1/28/2020,"Severe acute respiratory syndrome coronavirus 2 isolate 2019-nCoV/USA-IL2/2020, complete genome"
MT049951,2020-02-12T00:00:00Z,29903,China: Yunnan,Homo sapiens,"lung, oronasopharynx",1/17/2020,"Severe acute respiratory syndrome coronavirus 2 isolate SARS-CoV-2/human/CHN/Yunnan-01/2020, complete genome"
MT039873,2020-02-11T00:00:00Z,29833,China: Hangzhou,Homo sapiens,"lung, oronasopharynx",1/20/2020,"Severe acute respiratory syndrome coronavirus 2 isolate HZ-1, complete genome"
MT039887,2020-02-11T00:00:00Z,29879,USA: WI,Homo sapiens,oronasopharynx,1/31/2020,"Severe acute respiratory syndrome coronavirus 2 isolate 2019-nCoV/USA-WI1/2020, complete genome"
MT039888,2020-02-11T00:00:00Z,29882,USA: MA,Homo sapiens,oronasopharynx,1/29/2020,"Severe acute respiratory syndrome coronavirus 2 isolate 2019-nCoV/USA-MA1/2020, complete genome"
MT039890,2020-02-11T00:00:00Z,29903,South Korea,Homo sapiens,,2020-01,"Severe acute respiratory syndrome coronavirus 2 isolate SNU01, complete genome"
MT027063,2020-02-07T00:00:00Z,29882,USA: CA,Homo sapiens,oronasopharynx,1/29/2020,"Severe acute respiratory syndrome coronavirus 2 isolate 2019-nCoV/USA-CA4/2020, complete genome"
MT027064,2020-02-07T00:00:00Z,29882,USA: CA,Homo sapiens,oronasopharynx,1/29/2020,"Severe acute respiratory syndrome coronavirus 2 isolate 2019-nCoV/USA-CA5/2020, complete genome"
MT027062,2020-02-07T00:00:00Z,29882,USA: CA,Homo sapiens,oronasopharynx,1/29/2020,"Severe acute respiratory syndrome coronavirus 2 isolate 2019-nCoV/USA-CA3/2020, complete genome"
MT020880,2020-02-05T00:00:00Z,29882,USA: WA,Homo sapiens,oronasopharynx,1/25/2020,"Severe acute respiratory syndrome coronavirus 2 isolate 2019-nCoV/USA-WA1-A12/2020, complete genome"
MT019529,2020-02-05T00:00:00Z,29899,"China: Hubei, Wuhan",Homo sapiens,lung,12/23/2019,"Severe acute respiratory syndrome coronavirus 2 isolate BetaCoV/Wuhan/IPBCAMS-WH-01/2019, complete genome"
MT019531,2020-02-05T00:00:00Z,29899,"China: Hubei, Wuhan",Homo sapiens,lung,12/30/2019,"Severe acute respiratory syndrome coronavirus 2 isolate BetaCoV/Wuhan/IPBCAMS-WH-03/2019, complete genome"
MT019530,2020-02-05T00:00:00Z,29889,"China: Hubei, Wuhan",Homo sapiens,lung,12/30/2019,"Severe acute respiratory syndrome coronavirus 2 isolate BetaCoV/Wuhan/IPBCAMS-WH-02/2019, complete genome"
MT019533,2020-02-05T00:00:00Z,29883,"China: Hubei, Wuhan",Homo sapiens,lung,1/1/2020,"Severe acute respiratory syndrome coronavirus 2 isolate BetaCoV/Wuhan/IPBCAMS-WH-05/2020, complete genome"
MT019532,2020-02-05T00:00:00Z,29890,"China: Hubei, Wuhan",Homo sapiens,lung,12/30/2019,"Severe acute respiratory syndrome coronavirus 2 isolate BetaCoV/Wuhan/IPBCAMS-WH-04/2019, complete genome"
MT020881,2020-02-05T00:00:00Z,29882,USA: WA,Homo sapiens,oronasopharynx,1/25/2020,"Severe acute respiratory syndrome coronavirus 2 isolate 2019-nCoV/USA-WA1-F6/2020, complete genome"
MT007544,2020-01-31T00:00:00Z,29893,Australia: Victoria,Homo sapiens,,1/25/2020,"Severe acute respiratory syndrome coronavirus 2 isolate Australia/VIC01/2020, complete genome"
MN996527,2020-01-29T00:00:00Z,29825,China: Wuhan,Homo sapiens,lung,12/30/2019,"Severe acute respiratory syndrome coronavirus 2 isolate WIV02, complete genome"
MN996528,2020-01-29T00:00:00Z,29891,China: Wuhan,Homo sapiens,lung,12/30/2019,"Severe acute respiratory syndrome coronavirus 2 isolate WIV04, complete genome"
MN996529,2020-01-29T00:00:00Z,29852,China: Wuhan,Homo sapiens,lung,12/30/2019,"Severe acute respiratory syndrome coronavirus 2 isolate WIV05, complete genome"
MN996530,2020-01-29T00:00:00Z,29854,China: Wuhan,Homo sapiens,lung,12/30/2019,"Severe acute respiratory syndrome coronavirus 2 isolate WIV06, complete genome"
MN996531,2020-01-29T00:00:00Z,29857,China: Wuhan,Homo sapiens,lung,12/30/2019,"Severe acute respiratory syndrome coronavirus 2 isolate WIV07, complete genome"
MN994467,2020-01-28T00:00:00Z,29882,USA: CA,Homo sapiens,oronasopharynx,1/23/2020,"Severe acute respiratory syndrome coronavirus 2 isolate 2019-nCoV/USA-CA1/2020, complete genome"
MN988669,2020-01-28T00:00:00Z,29881,China,Homo sapiens,,1/2/2020,"Severe acute respiratory syndrome coronavirus 2 isolate 2019-nCoV WHU02, complete genome"
MN994468,2020-01-28T00:00:00Z,29883,USA: CA,Homo sapiens,oronasopharynx,1/22/2020,"Severe acute respiratory syndrome coronavirus 2 isolate 2019-nCoV/USA-CA2/2020, complete genome"
MN997409,2020-01-28T00:00:00Z,29882,USA: AZ,Homo sapiens,feces,1/22/2020,"Severe acute respiratory syndrome coronavirus 2 isolate 2019-nCoV/USA-AZ1/2020, complete genome"
MN988668,2020-01-28T00:00:00Z,29881,China,Homo sapiens,,1/2/2020,"Severe acute respiratory syndrome coronavirus 2 isolate 2019-nCoV WHU01, complete genome"
MN988713,2020-01-25T00:00:00Z,29882,USA: Illinois,Homo sapiens,"lung, oronasopharynx",1/21/2020,"Severe acute respiratory syndrome coronavirus 2 isolate 2019-nCoV/USA-IL1/2020, complete genome"
MN938384,2020-01-24T00:00:00Z,29838,China: Shenzhen,Homo sapiens,oronasopharynx,1/10/2020,"Severe acute respiratory syndrome coronavirus 2 isolate 2019-nCoV_HKU-SZ-002a_2020, complete genome"
MN975262,2020-01-24T00:00:00Z,29891,China,Homo sapiens,"lung, oronasopharynx",1/11/2020,"Severe acute respiratory syndrome coronavirus 2 isolate 2019-nCoV_HKU-SZ-005b_2020, complete genome"
MN985325,2020-01-24T00:00:00Z,29882,USA,Homo sapiens,oronasopharynx,1/19/2020,"Severe acute respiratory syndrome coronavirus 2 isolate 2019-nCoV/USA-WA1/2020, complete genome"
MN908947,2020-01-12T00:00:00Z,29903,China,Homo sapiens,,2019-12,"Severe acute respiratory syndrome coronavirus 2 isolate Wuhan-Hu-1, complete genome"
